-- Adminer 4.6.3 MySQL dump

SET NAMES utf8;
SET time_zone = '+00:00';
SET foreign_key_checks = 0;
SET sql_mode = 'NO_AUTO_VALUE_ON_ZERO';

DROP TABLE IF EXISTS `tbl_category`;
CREATE TABLE `tbl_category` (
  `id` int(11) NOT NULL AUTO_INCREMENT,
  `name` varchar(100) NOT NULL,
  PRIMARY KEY (`id`),
  UNIQUE KEY `name` (`name`)
) ENGINE=InnoDB DEFAULT CHARSET=latin1;

INSERT INTO `tbl_category` (`id`, `name`) VALUES
(1,	'Adult First Line'),
(2,	'Adult Second Line'),
(3,	'Adult Third Line'),
(4,	'Hepatitis B Patients who are HIV-ve'),
(5,	'OIs Medicines [1. Universal Prophylaxis]'),
(6,	'OIs Medicines [2. IPT]'),
(7,	'OIs Medicines [3.Fluconazole (treatment & prophylaxis)'),
(8,	'OIs Medicines {CM} and {OC} For Diflucan Donation '),
(9,	'Other Adult ART'),
(10,	'Other Pediatric Regimen'),
(11,	'Paediatric First Line'),
(12,	'Paediatric Second Line'),
(13,	'Paediatric Third Line'),
(14,	'PEP Adult'),
(15,	'PEP Child'),
(16,	'PMTCT Child'),
(17,	'PMTCT Mother'),
(18,	'PrEP');

DROP TABLE IF EXISTS `tbl_dhis_elements`;
CREATE TABLE `tbl_dhis_elements` (
  `id` int(11) NOT NULL AUTO_INCREMENT,
  `dhis_code` varchar(50) NOT NULL,
  `dhis_name` varchar(150) NOT NULL,
  `dhis_report` varchar(20) NOT NULL,
  `target_report` varchar(20) NOT NULL,
  `target_name` varchar(100) NOT NULL,
  `target_category` varchar(10) NOT NULL,
  `target_id` int(11) NOT NULL,
  PRIMARY KEY (`id`)
) ENGINE=InnoDB DEFAULT CHARSET=latin1;

INSERT INTO `tbl_dhis_elements` (`id`, `dhis_code`, `dhis_name`, `dhis_report`, `target_report`, `target_name`, `target_category`, `target_id`) VALUES
(1,	'zZoGFqWJKX1',	'MOH 729A AF1A AZT + 3TC + NVP',	'MOH 729A',	'D-MAPS',	' AF1A AZT + 3TC + NVP',	'regimen',	1),
(2,	'pmQaI5XHaR1',	'MOH 729A AF1B AZT + 3TC + EFV',	'MOH 729A',	'D-MAPS',	' AF1B AZT + 3TC + EFV',	'regimen',	2),
(3,	'QUe9abfcsO6',	'MOH 729A AF2A TDF + 3TC + NVP',	'MOH 729A',	'D-MAPS',	' AF2A TDF + 3TC + NVP',	'regimen',	3),
(4,	'u9RGkTy2LGZ',	'MOH 729A AF2B TDF + 3TC + EFV',	'MOH 729A',	'D-MAPS',	' AF2B TDF + 3TC + EFV',	'regimen',	4),
(5,	'JA32K5kcNxc',	'MOH 729A AF4A ABC + 3TC + NVP',	'MOH 729A',	'D-MAPS',	' AF4A ABC + 3TC + NVP',	'regimen',	7),
(6,	'UVvyKh1wO6B',	'MOH 729A AF4B ABC + 3TC + EFV',	'MOH 729A',	'D-MAPS',	' AF4B ABC + 3TC + EFV',	'regimen',	8),
(7,	'Hq3Ey5uNnQa',	'MOH 729A AF5X All other 1st line Adult regimens',	'MOH 729A',	'D-MAPS',	' AF5X All other 1st line Adult regimens',	'regimen',	9),
(8,	'qDNKhfY9r3p',	'MOH 729A AS1A AZT + 3TC + LPV/r',	'MOH 729A',	'D-MAPS',	' AS1A AZT + 3TC + LPV/r',	'regimen',	10),
(9,	'wiAHW2RSwvz',	'MOH 729A AS1B AZT + 3TC + ATV/r',	'MOH 729A',	'D-MAPS',	' AS1B AZT + 3TC + ATV/r',	'regimen',	11),
(10,	'siYUdWqoOSz',	'MOH 729A AS2A TDF + 3TC + LPV/r',	'MOH 729A',	'D-MAPS',	' AS2A TDF + 3TC + LPV/r',	'regimen',	12),
(11,	'okWOjNCFcBp',	'MOH 729A AS2C TDF + 3TC + ATV/r',	'MOH 729A',	'D-MAPS',	' AS2C TDF + 3TC + ATV/r',	'regimen',	13),
(12,	'zm4b6DobTHC',	'MOH 729A AS5A ABC + 3TC + LPV/r',	'MOH 729A',	'D-MAPS',	' AS5A ABC + 3TC + LPV/r',	'regimen',	14),
(13,	'edrt3kqGVNX',	'MOH 729A AS5B ABC + 3TC + ATV/r',	'MOH 729A',	'D-MAPS',	' AS5B ABC + 3TC + ATV/r',	'regimen',	15),
(14,	'MNbcsFsKoZl',	'MOH 729A AS6X All other 2nd line Adult regimens',	'MOH 729A',	'D-MAPS',	' AS6X All other 2nd line Adult regimens',	'regimen',	16),
(15,	'IWiiHbLvKhw',	'MOH 729A AT1D RAL + DRV/r + ETV + other ARVs',	'MOH 729A',	'D-MAPS',	' AT1D RAL + DRV/r + ETV + other ARVs',	'regimen',	90),
(16,	'rdM3Vonqv92',	'MOH 729A AT1E RAL + ETV + other ARVs',	'MOH 729A',	'D-MAPS',	' AT1E RAL + ETV + other ARVs',	'regimen',	91),
(17,	'GRusISf6dLd',	'MOH 729A AT1F RAL + DRV/r + other ARVs',	'MOH 729A',	'D-MAPS',	' AT1F RAL + DRV/r + other ARVs',	'regimen',	92),
(18,	'i2kXwS6YYPq',	'MOH 729A AT1G RAL + other ARVs',	'MOH 729A',	'D-MAPS',	' AT1G RAL + other ARVs',	'regimen',	93),
(19,	'Acz2wUJyOmh',	'MOH 729A AT2B ETV + other ARVs',	'MOH 729A',	'D-MAPS',	' AT2B ETV + other ARVs',	'regimen',	94),
(20,	'jhoLsTaNxpq',	'MOH 729A AT2C ETV + DRV/r + other ARVs',	'MOH 729A',	'D-MAPS',	' AT2C ETV + DRV/r + other ARVs',	'regimen',	95),
(21,	'XhEBGfAaUXi',	'MOH 729A AT2X All other 3rd line Adult regimens',	'MOH 729A',	'D-MAPS',	' AT2X All other 3rd line Adult regimens',	'regimen',	21),
(22,	'vmgzLtUUiGT',	'MOH 729A AT3A DRV/r + other ARVs',	'MOH 729A',	'D-MAPS',	' AT3A DRV/r + other ARVs',	'regimen',	96),
(23,	'eptxqdOvnnQ',	'MOH 729A CF1A AZT + 3TC + NVP',	'MOH 729A',	'D-MAPS',	' CF1A AZT + 3TC + NVP',	'regimen',	22),
(24,	'QqQe9J3ODKX',	'MOH 729A CF1B AZT + 3TC + EFV',	'MOH 729A',	'D-MAPS',	' CF1B AZT + 3TC + EFV',	'regimen',	23),
(25,	'TfE1ozws02b',	'MOH 729A CF1C AZT + 3TC + LPV/r',	'MOH 729A',	'D-MAPS',	' CF1C AZT + 3TC + LPV/r',	'regimen',	24),
(26,	'FTXA724XQ0e',	'MOH 729A CF1D AZT + 3TC + ATV/r',	'MOH 729A',	'D-MAPS',	' CF1D AZT + 3TC + ATV/r',	'regimen',	25),
(27,	'leDj3YTnki1',	'MOH 729A CF2A ABC + 3TC + NVP',	'MOH 729A',	'D-MAPS',	' CF2A ABC + 3TC + NVP',	'regimen',	26),
(28,	'KkOxZ8Iwya1',	'MOH 729A CF2B ABC + 3TC + EFV',	'MOH 729A',	'D-MAPS',	' CF2B ABC + 3TC + EFV',	'regimen',	27),
(29,	'sKwI6orHt8z',	'MOH 729A CF2D ABC + 3TC + LPV/r',	'MOH 729A',	'D-MAPS',	' CF2D ABC + 3TC + LPV/r',	'regimen',	28),
(30,	'wQZeYtMp2Yf',	'MOH 729A CF2E ABC + 3TC + ATV/r',	'MOH 729A',	'D-MAPS',	' CF2E ABC + 3TC + ATV/r',	'regimen',	29),
(31,	'HlagQbpwEjO',	'MOH 729A CF4A TDF + 3TC + NVP',	'MOH 729A',	'D-MAPS',	' CF4A TDF + 3TC + NVP',	'regimen',	32),
(32,	'vmhGH80GzaQ',	'MOH 729A CF4B TDF + 3TC + EFV',	'MOH 729A',	'D-MAPS',	' CF4B TDF + 3TC + EFV',	'regimen',	33),
(33,	'XfAb7tXikdl',	'MOH 729A CF4C TDF + 3TC + LPV/r',	'MOH 729A',	'D-MAPS',	' CF4C TDF + 3TC + LPV/r',	'regimen',	34),
(34,	'YQ2MtbVC3Ad',	'MOH 729A CF4D TDF + 3TC + ATV/r',	'MOH 729A',	'D-MAPS',	' CF4D TDF + 3TC + ATV/r',	'regimen',	35),
(35,	'MtVWovagPAf',	'MOH 729A CF5X All other 1st line Paediatric regimens',	'MOH 729A',	'D-MAPS',	' CF5X All other 1st line Paediatric regimens',	'regimen',	36),
(36,	'TzsIlIHJHoo',	'MOH 729A CS1A AZT + 3TC + LPV/r',	'MOH 729A',	'D-MAPS',	' CS1A AZT + 3TC + LPV/r',	'regimen',	39),
(37,	'LeeX53YNTm5',	'MOH 729A CS1B AZT + 3TC + ATV/r',	'MOH 729A',	'D-MAPS',	' CS1B AZT + 3TC + ATV/r',	'regimen',	40),
(38,	'ho0qZKttUa5',	'MOH 729A CS2A ABC + 3TC + LPV/r',	'MOH 729A',	'D-MAPS',	' CS2A ABC + 3TC + LPV/r',	'regimen',	41),
(39,	'cKCmBFV6F6D',	'MOH 729A CS2C ABC + 3TC + ATV/r',	'MOH 729A',	'D-MAPS',	' CS2C ABC + 3TC + ATV/r',	'regimen',	42),
(40,	'NM89vHVlKi6',	'MOH 729A CS4X All other 2nd line Paediatric regimens',	'MOH 729A',	'D-MAPS',	' CS4X All other 2nd line Paediatric regimens',	'regimen',	43),
(41,	'ytgLPyyxouY',	'MOH 729A CT1D RAL + DRV/r + ETV + other ARVs',	'MOH 729A',	'D-MAPS',	' CT1D RAL + DRV/r + ETV + other ARVs',	'regimen',	103),
(42,	'S5p96tLPJZy',	'MOH 729A CT1E RAL + ETV + other ARVs',	'MOH 729A',	'D-MAPS',	' CT1E RAL + ETV + other ARVs',	'regimen',	104),
(43,	'EBcBGJCm1iO',	'MOH 729A CT1F RAL + DRV/r + other ARVs',	'MOH 729A',	'D-MAPS',	' CT1F RAL + DRV/r + other ARVs',	'regimen',	105),
(44,	'VyVS2wjoL7Y',	'MOH 729A CT1G RAL + other ARVs',	'MOH 729A',	'D-MAPS',	' CT1G RAL + other ARVs',	'regimen',	106),
(45,	'Z1JbJ0UjlE6',	'MOH 729A CT2B ETV + other ARVs',	'MOH 729A',	'D-MAPS',	' CT2B ETV + other ARVs',	'regimen',	107),
(46,	'Xp8OsIiTJT1',	'MOH 729A CT2C ETV + DRV/r + other ARVs',	'MOH 729A',	'D-MAPS',	' CT2C ETV + DRV/r + other ARVs',	'regimen',	108),
(47,	'BnfttdJZykU',	'MOH 729A CT3A DRV/r + other ARVs',	'MOH 729A',	'D-MAPS',	' CT3A DRV/r + other ARVs',	'regimen',	109),
(48,	'tDshot050if',	'MOH 729A CT3X All other 3rd line Paediatric regimens',	'MOH 729A',	'D-MAPS',	' CT3X All other 3rd line Paediatric regimens',	'regimen',	48),
(49,	'kV5sdKyvi0w',	'MOH 729A OI1A Adult patients on Cotrimoxazole prophylaxis',	'MOH 729A',	'D-MAPS',	' OI1A Adult patients on Cotrimoxazole prophylaxis',	'regimen',	51),
(50,	'NoTAIMDsrqp',	'MOH 729A OI1C Paediatric patients on Cotrimoxazole prophylaxis',	'MOH 729A',	'D-MAPS',	' OI1C Paediatric patients on Cotrimoxazole prophylaxis',	'regimen',	52),
(51,	'o1gAmwzSLb5',	'MOH 729A OI2A Adult patients on Dapsone prophylaxis',	'MOH 729A',	'D-MAPS',	' OI2A Adult patients on Dapsone prophylaxis',	'regimen',	53),
(52,	'hFeiEESVlLo',	'MOH 729A OI2C Paediatric patients on Dapsone prophylaxis',	'MOH 729A',	'D-MAPS',	' OI2C Paediatric patients on Dapsone prophylaxis',	'regimen',	54),
(53,	'QQTVyh5nFJN',	'MOH 729A OI4AN Adult patients (=>15 Yrs) started on IPT in the month',	'MOH 729A',	'D-MAPS',	' OI4AN Adult patients (=>15 Yrs) started on IPT in the month',	'regimen',	116),
(54,	'ZovopN2RanT',	'MOH 729A OI4CN Paed patients (<15 Yrs) started on IPT in the month',	'MOH 729A',	'D-MAPS',	' OI4CN Paed patients (<15 Yrs) started on IPT in the month',	'regimen',	117),
(55,	'IFATwROxesK',	'MOH 729A PA1B AZT + 3TC + LPV/r (Adult PEP)',	'MOH 729A',	'D-MAPS',	' PA1B AZT + 3TC + LPV/r (Adult PEP)',	'regimen',	59),
(56,	'E0t04LV6mA9',	'MOH 729A PA1C AZT + 3TC + ATV/r (Adult PEP)',	'MOH 729A',	'D-MAPS',	' PA1C AZT + 3TC + ATV/r (Adult PEP)',	'regimen',	60),
(57,	'KCZQ9rKRPqi',	'MOH 729A PA3B TDF + 3TC + LPV/r (Adult PEP)',	'MOH 729A',	'D-MAPS',	' PA3B TDF + 3TC + LPV/r (Adult PEP)',	'regimen',	61),
(58,	'tRhA553HSc5',	'MOH 729A PA3C TDF + 3TC + ATV/r (Adult PEP)',	'MOH 729A',	'D-MAPS',	' PA3C TDF + 3TC + ATV/r (Adult PEP)',	'regimen',	62),
(59,	'CxKwKz7zisq',	'MOH 729A PA4X All other PEP regimens for Adults',	'MOH 729A',	'D-MAPS',	' PA4X All other PEP regimens for Adults',	'regimen',	63),
(60,	'Y1rsd50rCs2',	'MOH 729A PC1A AZT + 3TC + LPV/r (Paed PEP)',	'MOH 729A',	'D-MAPS',	' PC1A AZT + 3TC + LPV/r (Paed PEP)',	'regimen',	65),
(61,	'SAfks92dL6A',	'MOH 729A PC1X All other PMTCT regimens for Infants',	'MOH 729A',	'D-MAPS',	' PC1X All other PMTCT regimens for Infants',	'regimen',	66),
(62,	'o73uIErvHH7',	'MOH 729A PC2 NVP OD for Breastfeeding Infants until 1 week after complete cessation of Breastfeeding',	'MOH 729A',	'D-MAPS',	' PC2 NVP OD for Breastfeeding Infants until 1 week after complete cessation of Breastfeeding',	'regimen',	67),
(63,	'qxpjScSUJCn',	'MOH 729A PC3A ABC + 3TC + LPV/r (Paed PEP)',	'MOH 729A',	'D-MAPS',	' PC3A ABC + 3TC + LPV/r (Paed PEP)',	'regimen',	68),
(64,	'mWvWxOis2i4',	'MOH 729A PC4X All other PEP regimens for Children',	'MOH 729A',	'D-MAPS',	' PC4X All other PEP regimens for Children',	'regimen',	69),
(65,	'Adwh5Fb7mLf',	'MOH 729A PC5 3TC Liquid BD for 12 weeks',	'MOH 729A',	'D-MAPS',	' PC5 3TC Liquid BD for 12 weeks',	'regimen',	121),
(66,	'ByfcDo1wMNB',	'MOH 729A PC6 NVP Liquid OD for 12 weeks',	'MOH 729A',	'D-MAPS',	' PC6 NVP Liquid OD for 12 weeks',	'regimen',	70),
(67,	'QtV3KWhpB3T',	'MOH 729A PM10 PMTCT HAART: AZT + 3TC + ATV/r',	'MOH 729A',	'D-MAPS',	' PM10 PMTCT HAART: AZT + 3TC + ATV/r',	'regimen',	72),
(68,	'zpjJV1jfFqf',	'MOH 729A PM11 PMTCT HAART: TDF + 3TC + ATV/r',	'MOH 729A',	'D-MAPS',	' PM11 PMTCT HAART: TDF + 3TC + ATV/r',	'regimen',	73),
(69,	'neNIHx4FGaK',	'MOH 729A PM1X All other PMTCT regimens for Women',	'MOH 729A',	'D-MAPS',	' PM1X All other PMTCT regimens for Women',	'regimen',	74),
(70,	'jTbpmqupPPp',	'MOH 729A PM3 PMTCT HAART: AZT + 3TC + NVP',	'MOH 729A',	'D-MAPS',	' PM3 PMTCT HAART: AZT + 3TC + NVP',	'regimen',	76),
(71,	'tOWwTKhNgou',	'MOH 729A PM4 PMTCT HAART: AZT + 3TC + EFV',	'MOH 729A',	'D-MAPS',	' PM4 PMTCT HAART: AZT + 3TC + EFV',	'regimen',	77),
(72,	'RRxgqTcMJHz',	'MOH 729A PM5 PMTCT HAART: AZT + 3TC + LPV/r',	'MOH 729A',	'D-MAPS',	' PM5 PMTCT HAART: AZT + 3TC + LPV/r',	'regimen',	78),
(73,	'cB86QSQNo8D',	'MOH 729A PM6 PMTCT HAART:  TDF + 3TC + NVP',	'MOH 729A',	'D-MAPS',	' PM6 PMTCT HAART:  TDF + 3TC + NVP',	'regimen',	79),
(74,	'fpZhZpYBlNC',	'MOH 729A PM7 PMTCT HAART:  TDF + 3TC + LPV/r',	'MOH 729A',	'D-MAPS',	' PM7 PMTCT HAART:  TDF + 3TC + LPV/r',	'regimen',	80),
(75,	'QQXuKKczqqa',	'MOH 729A PM9 PMTCT HAART: TDF + 3TC + EFV',	'MOH 729A',	'D-MAPS',	' PM9 PMTCT HAART: TDF + 3TC + EFV',	'regimen',	81),
(76,	'ALpFN6Oork9',	'MOH 729B Adult patients (=>15 Yrs) on Fluconazole in the month',	'MOH 729B',	'F-MAPS',	' Adult patients (=>15 Yrs) on Fluconazole in the month',	'regimen',	118),
(77,	'aU4Uta9JX46',	'MOH 729B AF1A AZT + 3TC + NVP',	'MOH 729B',	'F-MAPS',	' AF1A AZT + 3TC + NVP',	'regimen',	1),
(78,	'ICeAvxmW1YJ',	'MOH 729B AF1B AZT + 3TC + EFV',	'MOH 729B',	'F-MAPS',	' AF1B AZT + 3TC + EFV',	'regimen',	2),
(79,	'OakQBwzYXmb',	'MOH 729B AF1D AZT + 3TC + DTG',	'MOH 729B',	'F-MAPS',	' AF1D AZT + 3TC + DTG',	'regimen',	83),
(80,	'dFW9Sq24ImN',	'MOH 729B AF2A TDF + 3TC + NVP',	'MOH 729B',	'F-MAPS',	' AF2A TDF + 3TC + NVP',	'regimen',	3),
(81,	'PlyjfbfXufu',	'MOH 729B AF2B TDF + 3TC + EFV',	'MOH 729B',	'F-MAPS',	' AF2B TDF + 3TC + EFV',	'regimen',	4),
(82,	'yxhSuvJDpYt',	'MOH 729B AF2D TDF + 3TC + ATV/r',	'MOH 729B',	'F-MAPS',	' AF2D TDF + 3TC + ATV/r',	'regimen',	84),
(83,	'R1OVzKm91y1',	'MOH 729B AF2E TDF + 3TC + DTG',	'MOH 729B',	'F-MAPS',	' AF2E TDF + 3TC + DTG',	'regimen',	85),
(84,	'ppnP9rOTkgG',	'MOH 729B AF2F TDF + 3TC + LPV/r (1L Adults <40kg)',	'MOH 729B',	'F-MAPS',	' AF2F TDF + 3TC + LPV/r (1L Adults <40kg)',	'regimen',	86),
(85,	'OhiUSZFUAzF',	'MOH 729B AF2G TDF + 3TC + RAL (PWIDs intoIerant to ATV)',	'MOH 729B',	'F-MAPS',	' AF2G TDF + 3TC + RAL (PWIDs intoIerant to ATV)',	'regimen',	87),
(86,	'pQbGoAGCrdS',	'MOH 729B AF2H TDF + FTC + ATV/r',	'MOH 729B',	'F-MAPS',	' AF2H TDF + FTC + ATV/r',	'regimen',	88),
(87,	'yq5Vs7DinZv',	'MOH 729B AF4A ABC + 3TC + NVP',	'MOH 729B',	'F-MAPS',	' AF4A ABC + 3TC + NVP',	'regimen',	7),
(88,	'clnJBLRW5Al',	'MOH 729B AF4B ABC + 3TC + EFV',	'MOH 729B',	'F-MAPS',	' AF4B ABC + 3TC + EFV',	'regimen',	8),
(89,	'EgaGfWjI8JP',	'MOH 729B AF4C ABC + 3TC + DTG',	'MOH 729B',	'F-MAPS',	' AF4C ABC + 3TC + DTG',	'regimen',	89),
(90,	'XFI89451TA3',	'MOH 729B AF5X Any other 1st line Adult regimens',	'MOH 729B',	'F-MAPS',	' AF5X Any other 1st line Adult regimens',	'regimen',	9),
(91,	'oKOQremhrvN',	'MOH 729B AS1A AZT + 3TC + LPV/r ',	'MOH 729B',	'F-MAPS',	' AS1A AZT + 3TC + LPV/r ',	'regimen',	10),
(92,	'tJTnLw6GtHq',	'MOH 729B AS1B AZT + 3TC + ATV/r',	'MOH 729B',	'F-MAPS',	' AS1B AZT + 3TC + ATV/r',	'regimen',	11),
(93,	'g3saIK0dKkg',	'MOH 729B AS2A TDF + 3TC + LPV/r',	'MOH 729B',	'F-MAPS',	' AS2A TDF + 3TC + LPV/r',	'regimen',	12),
(94,	'jibdDtF1tAB',	'MOH 729B AS2C TDF + 3TC + ATV/r',	'MOH 729B',	'F-MAPS',	' AS2C TDF + 3TC + ATV/r',	'regimen',	13),
(95,	'kSAEsxbq1v3',	'MOH 729B AS5A ABC + 3TC + LPV/r ',	'MOH 729B',	'F-MAPS',	' AS5A ABC + 3TC + LPV/r ',	'regimen',	14),
(96,	'ZEQvD8DJa6g',	'MOH 729B AS5B ABC + 3TC + ATV/r',	'MOH 729B',	'F-MAPS',	' AS5B ABC + 3TC + ATV/r',	'regimen',	15),
(97,	'FYO3TF1Y2k3',	'MOH 729B AS6X Any other 2nd line Adult regimens ',	'MOH 729B',	'F-MAPS',	' AS6X Any other 2nd line Adult regimens ',	'regimen',	16),
(98,	'NSR40bbdMHr',	'MOH 729B AT1D RAL + DRV/r + ETV + other ARVs',	'MOH 729B',	'F-MAPS',	' AT1D RAL + DRV/r + ETV + other ARVs',	'regimen',	90),
(99,	'KIHJJlkyiDZ',	'MOH 729B AT1E RAL + ETV + other backbone ARVs ',	'MOH 729B',	'F-MAPS',	' AT1E RAL + ETV + other backbone ARVs ',	'regimen',	91),
(100,	'fLapmacPPFn',	'MOH 729B AT1F RAL + DRV/r + other ARVs',	'MOH 729B',	'F-MAPS',	' AT1F RAL + DRV/r + other ARVs',	'regimen',	92),
(101,	'BilZg5vO0Pf',	'MOH 729B AT1G RAL + other ARVs',	'MOH 729B',	'F-MAPS',	' AT1G RAL + other ARVs',	'regimen',	93),
(102,	'ByU3Gd9aDmh',	'MOH 729B AT2B ETV + other backbone ARVs ',	'MOH 729B',	'F-MAPS',	' AT2B ETV + other backbone ARVs ',	'regimen',	94),
(103,	'wSFPAmi4aqd',	'MOH 729B AT2C ETV + DRV/r + other ARVs',	'MOH 729B',	'F-MAPS',	' AT2C ETV + DRV/r + other ARVs',	'regimen',	95),
(104,	'NZoCQGgPdFj',	'MOH 729B AT2X Any other 3rd line Adult regimens',	'MOH 729B',	'F-MAPS',	' AT2X Any other 3rd line Adult regimens',	'regimen',	21),
(105,	'rE0lUqEFCqe',	'MOH 729B AT3A DRV + RTV + other backbone ARVs ',	'MOH 729B',	'F-MAPS',	' AT3A DRV + RTV + other backbone ARVs ',	'regimen',	96),
(106,	'bXBI5d8ubA9',	'MOH 729B AT4A DTG + DRV + RTV + ETV + other backbone ARVs',	'MOH 729B',	'F-MAPS',	' AT4A DTG + DRV + RTV + ETV + other backbone ARVs',	'regimen',	97),
(107,	'UKLiTUOTYeQ',	'MOH 729B AT4B DTG + ETV + other backbone ARVs ',	'MOH 729B',	'F-MAPS',	' AT4B DTG + ETV + other backbone ARVs ',	'regimen',	98),
(108,	'hOJNG9sMXTM',	'MOH 729B AT4C DTG + DRV + RTV + other backbone ARVs ',	'MOH 729B',	'F-MAPS',	' AT4C DTG + DRV + RTV + other backbone ARVs ',	'regimen',	99),
(109,	'TEcavf2SSkt',	'MOH 729B AT4D DTG + other backbone ARVs (2nd Line patients failing treatment)',	'MOH 729B',	'F-MAPS',	' AT4D DTG + other backbone ARVs (2nd Line patients failing treatment)',	'regimen',	100),
(110,	'xIvoukFiOio',	'MOH 729B AZT liquid BID + NVP liquid OD for 6 weeks then NVP liquid OD for 6 weeks',	'MOH 729B',	'F-MAPS',	' AZT liquid BID + NVP liquid OD for 6 weeks then NVP liquid OD for 6 weeks',	'regimen',	122),
(111,	'Kjv2mJHJMVF',	'MOH 729B AZT liquid BID + NVP liquid OD for 6 weeks then NVP liquid OD until 6 weeks after complete cessation of Breastfeeding (mother NOT on ART)',	'MOH 729B',	'F-MAPS',	' AZT liquid BID + NVP liquid OD for 6 weeks then NVP liquid OD until 6 weeks after complete cessatio',	'regimen',	123),
(112,	'YitEiiFUpku',	'MOH 729B CF1A AZT + 3TC + NVP',	'MOH 729B',	'F-MAPS',	' CF1A AZT + 3TC + NVP',	'regimen',	22),
(113,	'BuSD0IsQTBA',	'MOH 729B CF1B AZT + 3TC + EFV ',	'MOH 729B',	'F-MAPS',	' CF1B AZT + 3TC + EFV ',	'regimen',	23),
(114,	'iDITgYLzOD7',	'MOH 729B CF1C AZT + 3TC + LPV/r',	'MOH 729B',	'F-MAPS',	' CF1C AZT + 3TC + LPV/r',	'regimen',	24),
(115,	'IVdLKFlGSST',	'MOH 729B CF1D AZT + 3TC + ATV/r',	'MOH 729B',	'F-MAPS',	' CF1D AZT + 3TC + ATV/r',	'regimen',	25),
(116,	'sAeitKcu3YJ',	'MOH 729B CF1E AZT + 3TC + RAL',	'MOH 729B',	'F-MAPS',	' CF1E AZT + 3TC + RAL',	'regimen',	101),
(117,	'aqu3Ngg2wvJ',	'MOH 729B CF2A ABC + 3TC + NVP',	'MOH 729B',	'F-MAPS',	' CF2A ABC + 3TC + NVP',	'regimen',	26),
(118,	'VKvszpkrfxT',	'MOH 729B CF2B ABC + 3TC + EFV',	'MOH 729B',	'F-MAPS',	' CF2B ABC + 3TC + EFV',	'regimen',	27),
(119,	'fyTwNAVHyJY',	'MOH 729B CF2D ABC + 3TC + LPV/r',	'MOH 729B',	'F-MAPS',	' CF2D ABC + 3TC + LPV/r',	'regimen',	28),
(120,	'xoNh8hOrKVU',	'MOH 729B CF2E ABC + 3TC + ATV/r',	'MOH 729B',	'F-MAPS',	' CF2E ABC + 3TC + ATV/r',	'regimen',	29),
(121,	'R5xNwE2W9ZL',	'MOH 729B CF2F ABC + 3TC + RAL',	'MOH 729B',	'F-MAPS',	' CF2F ABC + 3TC + RAL',	'regimen',	102),
(122,	'kyU008u8sKN',	'MOH 729B CF4A TDF + 3TC + NVP (children > 35kg)',	'MOH 729B',	'F-MAPS',	' CF4A TDF + 3TC + NVP (children > 35kg)',	'regimen',	32),
(123,	'SKZIVXE0sDo',	'MOH 729B CF4B TDF + 3TC + EFV',	'MOH 729B',	'F-MAPS',	' CF4B TDF + 3TC + EFV',	'regimen',	33),
(124,	'WOidHO1vrLG',	'MOH 729B CF4C TDF + 3TC + LPV/r',	'MOH 729B',	'F-MAPS',	' CF4C TDF + 3TC + LPV/r',	'regimen',	34),
(125,	'wqTCvOif1Jn',	'MOH 729B CF4D TDF + 3TC + ATV/r',	'MOH 729B',	'F-MAPS',	' CF4D TDF + 3TC + ATV/r',	'regimen',	35),
(126,	'ME6C1Od3OrH',	'MOH 729B CF5X All other 1st line Paediatric regimens',	'MOH 729B',	'F-MAPS',	' CF5X All other 1st line Paediatric regimens',	'regimen',	36),
(127,	'pi6OsoghsbU',	'MOH 729B CS1A AZT + 3TC + LPV/r',	'MOH 729B',	'F-MAPS',	' CS1A AZT + 3TC + LPV/r',	'regimen',	39),
(128,	'Fab79894AZm',	'MOH 729B CS1B AZT + 3TC + ATV/r',	'MOH 729B',	'F-MAPS',	' CS1B AZT + 3TC + ATV/r',	'regimen',	40),
(129,	'v1nikfkOjpH',	'MOH 729B CS2A ABC + 3TC + LPV/r',	'MOH 729B',	'F-MAPS',	' CS2A ABC + 3TC + LPV/r',	'regimen',	41),
(130,	'ixD4GVzHNc7',	'MOH 729B CS2C ABC + 3TC + ATV/r',	'MOH 729B',	'F-MAPS',	' CS2C ABC + 3TC + ATV/r',	'regimen',	42),
(131,	'syOUiJd8s9j',	'MOH 729B CS4X All other 2nd line Paediatric regimens',	'MOH 729B',	'F-MAPS',	' CS4X All other 2nd line Paediatric regimens',	'regimen',	43),
(132,	'ldZQDawylt9',	'MOH 729B CT1D RAL + DRV/r + ETV + other ARVs',	'MOH 729B',	'F-MAPS',	' CT1D RAL + DRV/r + ETV + other ARVs',	'regimen',	103),
(133,	'yqN4DKYHtPP',	'MOH 729B CT1E RAL + ETV + other backbone ARVs ',	'MOH 729B',	'F-MAPS',	' CT1E RAL + ETV + other backbone ARVs ',	'regimen',	104),
(134,	'HRUyRlJ7G7c',	'MOH 729B CT1F RAL + DRV/r + other ARVs',	'MOH 729B',	'F-MAPS',	' CT1F RAL + DRV/r + other ARVs',	'regimen',	105),
(135,	'ujCQ0yxm8Q6',	'MOH 729B CT1G RAL + other backbone ARVs ',	'MOH 729B',	'F-MAPS',	' CT1G RAL + other backbone ARVs ',	'regimen',	106),
(136,	'lNUvpIQ3LEA',	'MOH 729B CT2B ETV + other backbone ARVs ',	'MOH 729B',	'F-MAPS',	' CT2B ETV + other backbone ARVs ',	'regimen',	107),
(137,	'sg3ieRfu6Xg',	'MOH 729B CT2C ETV + DRV/r + other ARVs',	'MOH 729B',	'F-MAPS',	' CT2C ETV + DRV/r + other ARVs',	'regimen',	108),
(138,	'isNcp0vyeC8',	'MOH 729B CT3A DRV + RTV + other backbone ARVs ',	'MOH 729B',	'F-MAPS',	' CT3A DRV + RTV + other backbone ARVs ',	'regimen',	109),
(139,	'Doa6BoB4qoP',	'MOH 729B CT3X All other 3rd line Paediatric regimens',	'MOH 729B',	'F-MAPS',	' CT3X All other 3rd line Paediatric regimens',	'regimen',	48),
(140,	'YX594yqTe1S',	'MOH 729B CT3X Any other 3rd line Paediatric regimens',	'MOH 729B',	'F-MAPS',	' CT3X Any other 3rd line Paediatric regimens',	'regimen',	48),
(141,	'smu9PLxa44P',	'MOH 729B CT4A DTG + DRV + RTV + ETV + other backbone ARVs',	'MOH 729B',	'F-MAPS',	' CT4A DTG + DRV + RTV + ETV + other backbone ARVs',	'regimen',	110),
(142,	'JwAQm2ERkTq',	'MOH 729B CT4B DTG + ETV + other backbone ARVs ',	'MOH 729B',	'F-MAPS',	' CT4B DTG + ETV + other backbone ARVs ',	'regimen',	111),
(143,	'aRTI4e8rOnZ',	'MOH 729B CT4C DTG + DRV + RTV + other backbone ARVs ',	'MOH 729B',	'F-MAPS',	' CT4C DTG + DRV + RTV + other backbone ARVs ',	'regimen',	112),
(144,	'TWGuv41QAm8',	'MOH 729B CT4D DTG + other backbone ARVs ',	'MOH 729B',	'F-MAPS',	' CT4D DTG + other backbone ARVs ',	'regimen',	113),
(145,	'KtfLjisGRC9',	'MoH 729B Facility - F\'MAPS Revision 2017 ABC + 3TC + ATV/r AS5B Adult ART 2nd Line regimens',	'MoH 729B',	'F-MAPS',	' Facility - F\'MAPS Revision 2017 ABC + 3TC + ATV/r AS5B Adult ART 2nd Line regimens',	'regimen',	15),
(146,	'zoeSeZwpO9o',	'MoH 729B Facility - F\'MAPS Revision 2017 ABC + 3TC + ATV/r CF2E ?Paediatric ART 1st Line regimens',	'MoH 729B',	'F-MAPS',	' Facility - F\'MAPS Revision 2017 ABC + 3TC + ATV/r CF2E ?Paediatric ART 1st Line regimens',	'regimen',	29),
(147,	'RUxWaGHMsUy',	'MoH 729B Facility - F\'MAPS Revision 2017 ABC + 3TC + ATV/r CS2C Paediatric ART 2nd Line regimens',	'MoH 729B',	'F-MAPS',	' Facility - F\'MAPS Revision 2017 ABC + 3TC + ATV/r CS2C Paediatric ART 2nd Line regimens',	'regimen',	42),
(148,	'scZqePYolf8',	'MoH 729B Facility - F\'MAPS Revision 2017 ABC + 3TC + DTG AF4C Adult ART 1st Line regimens',	'MoH 729B',	'F-MAPS',	' Facility - F\'MAPS Revision 2017 ABC + 3TC + DTG AF4C Adult ART 1st Line regimens',	'regimen',	89),
(149,	'ayVBjzigsKh',	'MoH 729B Facility - F\'MAPS Revision 2017 ABC + 3TC + EFV AF4B Adult ART 1st Line regimens',	'MoH 729B',	'F-MAPS',	' Facility - F\'MAPS Revision 2017 ABC + 3TC + EFV AF4B Adult ART 1st Line regimens',	'regimen',	8),
(150,	'zajVAWfDEXu',	'MoH 729B Facility - F\'MAPS Revision 2017 ABC + 3TC + EFV CF2B ?Paediatric ART 1st Line regimens',	'MoH 729B',	'F-MAPS',	' Facility - F\'MAPS Revision 2017 ABC + 3TC + EFV CF2B ?Paediatric ART 1st Line regimens',	'regimen',	27),
(151,	'QWDt0N3Cmos',	'MoH 729B Facility - F\'MAPS Revision 2017 ABC + 3TC + LPV/r  AS5A Adult ART 2nd Line regimens',	'MoH 729B',	'F-MAPS',	' Facility - F\'MAPS Revision 2017 ABC + 3TC + LPV/r  AS5A Adult ART 2nd Line regimens',	'regimen',	14),
(152,	'Xt6rPvHH2Ca',	'MoH 729B Facility - F\'MAPS Revision 2017 ABC + 3TC + LPV/r CF2D ?Paediatric ART 1st Line regimens',	'MoH 729B',	'F-MAPS',	' Facility - F\'MAPS Revision 2017 ABC + 3TC + LPV/r CF2D ?Paediatric ART 1st Line regimens',	'regimen',	28),
(153,	'lNN2MVHv4uN',	'MoH 729B Facility - F\'MAPS Revision 2017 ABC + 3TC + LPV/r CS2A Paediatric ART 2nd Line regimens',	'MoH 729B',	'F-MAPS',	' Facility - F\'MAPS Revision 2017 ABC + 3TC + LPV/r CS2A Paediatric ART 2nd Line regimens',	'regimen',	41),
(154,	'Ae6Mr5bHV4i',	'MoH 729B Facility - F\'MAPS Revision 2017 ABC + 3TC + LPV/r (Paed PEP) PC3A PEP for Children',	'MoH 729B',	'F-MAPS',	' Facility - F\'MAPS Revision 2017 ABC + 3TC + LPV/r (Paed PEP) PC3A PEP for Children',	'regimen',	68),
(155,	'pZE2EAGgd1T',	'MoH 729B Facility - F\'MAPS Revision 2017 ABC + 3TC + NVP AF4A Adult ART 1st Line regimens',	'MoH 729B',	'F-MAPS',	' Facility - F\'MAPS Revision 2017 ABC + 3TC + NVP AF4A Adult ART 1st Line regimens',	'regimen',	7),
(156,	'twuX8HIy9CM',	'MoH 729B Facility - F\'MAPS Revision 2017 ABC + 3TC + NVP CF2A ?Paediatric ART 1st Line regimens',	'MoH 729B',	'F-MAPS',	' Facility - F\'MAPS Revision 2017 ABC + 3TC + NVP CF2A ?Paediatric ART 1st Line regimens',	'regimen',	26),
(157,	'WGPeNxOQWEy',	'MoH 729B Facility - F\'MAPS Revision 2017 ABC + 3TC + RAL CF2F ?Paediatric ART 1st Line regimens',	'MoH 729B',	'F-MAPS',	' Facility - F\'MAPS Revision 2017 ABC + 3TC + RAL CF2F ?Paediatric ART 1st Line regimens',	'regimen',	102),
(158,	'WEvRZU4TJwR',	'MoH 729B Facility - F\'MAPS Revision 2017 Adult patients (=>15 Yrs) newly started on IPT in the month OI4AN IPT',	'MoH 729B',	'F-MAPS',	' Facility - F\'MAPS Revision 2017 Adult patients (=>15 Yrs) newly started on IPT in the month OI4AN I',	'regimen',	57),
(159,	'WtYp0xAVXdl',	'MoH 729B Facility - F\'MAPS Revision 2017 Adult patients (=>15 Yrs) on Fluconazole in the month OI5A Fluconazole (treatment & prophylaxis)',	'MoH 729B',	'F-MAPS',	' Facility - F\'MAPS Revision 2017 Adult patients (=>15 Yrs) on Fluconazole in the month OI5A Fluconaz',	'regimen',	118),
(160,	'qNnU403P8jx',	'MoH 729B Facility - F\'MAPS Revision 2017 Adult patients on Cotrimoxazole prophylaxis  OI1A Universal prophylaxis',	'MoH 729B',	'F-MAPS',	' Facility - F\'MAPS Revision 2017 Adult patients on Cotrimoxazole prophylaxis  OI1A Universal prophyl',	'regimen',	51),
(161,	'lRM3BLyxUH0',	'MoH 729B Facility - F\'MAPS Revision 2017 Adult patients on Dapsone prophylaxis  OI2A Universal prophylaxis',	'MoH 729B',	'F-MAPS',	' Facility - F\'MAPS Revision 2017 Adult patients on Dapsone prophylaxis  OI2A Universal prophylaxis',	'regimen',	53),
(162,	'lPPzAVJ6WQI',	'MoH 729B Facility - F\'MAPS Revision 2017 Any other 1st line Adult regimens AF5X Adult ART 1st Line regimens',	'MoH 729B',	'F-MAPS',	' Facility - F\'MAPS Revision 2017 Any other 1st line Adult regimens AF5X Adult ART 1st Line regimens',	'regimen',	9),
(163,	'XzhPf38vaQR',	'MoH 729B Facility - F\'MAPS Revision 2017 Any other 1st line Paediatric regimens CF5X ?Paediatric ART 1st Line regimens',	'MoH 729B',	'F-MAPS',	' Facility - F\'MAPS Revision 2017 Any other 1st line Paediatric regimens CF5X ?Paediatric ART 1st Lin',	'regimen',	36),
(164,	'Hn4GG1SvjWs',	'MoH 729B Facility - F\'MAPS Revision 2017 Any other 2nd line Adult regimens  AS6X Adult ART 2nd Line regimens',	'MoH 729B',	'F-MAPS',	' Facility - F\'MAPS Revision 2017 Any other 2nd line Adult regimens  AS6X Adult ART 2nd Line regimens',	'regimen',	16),
(165,	'ubeWT5B3Atm',	'MoH 729B Facility - F\'MAPS Revision 2017 Any other 2nd line Paediatric regimens CS4X Paediatric ART 2nd Line regimens',	'MoH 729B',	'F-MAPS',	' Facility - F\'MAPS Revision 2017 Any other 2nd line Paediatric regimens CS4X Paediatric ART 2nd Line',	'regimen',	43),
(166,	'GrO1WTehMuN',	'MoH 729B Facility - F\'MAPS Revision 2017 Any other 3rd line Adult regimens AT2X Adult ART 3rd Line regimens',	'MoH 729B',	'F-MAPS',	' Facility - F\'MAPS Revision 2017 Any other 3rd line Adult regimens AT2X Adult ART 3rd Line regimens',	'regimen',	21),
(167,	'HonUrv8aHhM',	'MoH 729B Facility - F\'MAPS Revision 2017 Any other 3rd line Paediatric regimens CT3X Paediatric ART 3rd Line regimens',	'MoH 729B',	'F-MAPS',	' Facility - F\'MAPS Revision 2017 Any other 3rd line Paediatric regimens CT3X Paediatric ART 3rd Line',	'regimen',	48),
(168,	'Agy3s1vQRgL',	'MoH 729B Facility - F\'MAPS Revision 2017 Any other PEP regimens for Adults PA4X PEP for Adults',	'MoH 729B',	'F-MAPS',	' Facility - F\'MAPS Revision 2017 Any other PEP regimens for Adults PA4X PEP for Adults',	'regimen',	63),
(169,	'kSdEcRgHmAT',	'MoH 729B Facility - F\'MAPS Revision 2017 Any other PEP regimens for Children PC4X PEP for Children',	'MoH 729B',	'F-MAPS',	' Facility - F\'MAPS Revision 2017 Any other PEP regimens for Children PC4X PEP for Children',	'regimen',	69),
(170,	'DxrFQrz1EKb',	'MoH 729B Facility - F\'MAPS Revision 2017 Any other PMTCT regimens for Infants PC1X Infants',	'MoH 729B',	'F-MAPS',	' Facility - F\'MAPS Revision 2017 Any other PMTCT regimens for Infants PC1X Infants',	'regimen',	66),
(171,	'NhuwyxsOnxc',	'MoH 729B Facility - F\'MAPS Revision 2017 Any other PMTCT regimens for Women PM1X Pregnant women or HEI Mothers',	'MoH 729B',	'F-MAPS',	' Facility - F\'MAPS Revision 2017 Any other PMTCT regimens for Women PM1X Pregnant women or HEI Mothe',	'regimen',	74),
(172,	'nndocQeaNdK',	'MoH 729B Facility - F\'MAPS Revision 2017 AZT + 3TC + ATV/r (Adult PEP) PA1C PEP for Adults',	'MoH 729B',	'F-MAPS',	' Facility - F\'MAPS Revision 2017 AZT + 3TC + ATV/r (Adult PEP) PA1C PEP for Adults',	'regimen',	60),
(173,	'OVBMdzNMJA0',	'MoH 729B Facility - F\'MAPS Revision 2017 AZT + 3TC + ATV/r AS1B Adult ART 2nd Line regimens',	'MoH 729B',	'F-MAPS',	' Facility - F\'MAPS Revision 2017 AZT + 3TC + ATV/r AS1B Adult ART 2nd Line regimens',	'regimen',	11),
(174,	'Hapag5AyRXR',	'MoH 729B Facility - F\'MAPS Revision 2017 AZT + 3TC + ATV/r CF1D ?Paediatric ART 1st Line regimens',	'MoH 729B',	'F-MAPS',	' Facility - F\'MAPS Revision 2017 AZT + 3TC + ATV/r CF1D ?Paediatric ART 1st Line regimens',	'regimen',	25),
(175,	'NAF52trKalP',	'MoH 729B Facility - F\'MAPS Revision 2017 AZT + 3TC + ATV/r CS1B Paediatric ART 2nd Line regimens',	'MoH 729B',	'F-MAPS',	' Facility - F\'MAPS Revision 2017 AZT + 3TC + ATV/r CS1B Paediatric ART 2nd Line regimens',	'regimen',	40),
(176,	'NVM0FzwoxVl',	'MoH 729B Facility - F\'MAPS Revision 2017 AZT + 3TC + DTG AF1D Adult ART 1st Line regimens',	'MoH 729B',	'F-MAPS',	' Facility - F\'MAPS Revision 2017 AZT + 3TC + DTG AF1D Adult ART 1st Line regimens',	'regimen',	83),
(177,	's6VwEkoPAh0',	'MoH 729B Facility - F\'MAPS Revision 2017 AZT + 3TC + EFV AF1B Adult ART 1st Line regimens',	'MoH 729B',	'F-MAPS',	' Facility - F\'MAPS Revision 2017 AZT + 3TC + EFV AF1B Adult ART 1st Line regimens',	'regimen',	2),
(178,	'WT8JZ7vaRjG',	'MoH 729B Facility - F\'MAPS Revision 2017 AZT + 3TC + EFV  CF1B ?Paediatric ART 1st Line regimens',	'MoH 729B',	'F-MAPS',	' Facility - F\'MAPS Revision 2017 AZT + 3TC + EFV  CF1B ?Paediatric ART 1st Line regimens',	'regimen',	23),
(179,	'n5o1wXA4enV',	'MoH 729B Facility - F\'MAPS Revision 2017 AZT + 3TC + LPV/r  AS1A Adult ART 2nd Line regimens',	'MoH 729B',	'F-MAPS',	' Facility - F\'MAPS Revision 2017 AZT + 3TC + LPV/r  AS1A Adult ART 2nd Line regimens',	'regimen',	10),
(180,	'n1E2FfFbLeE',	'MoH 729B Facility - F\'MAPS Revision 2017 AZT + 3TC + LPV/r CF1C ?Paediatric ART 1st Line regimens',	'MoH 729B',	'F-MAPS',	' Facility - F\'MAPS Revision 2017 AZT + 3TC + LPV/r CF1C ?Paediatric ART 1st Line regimens',	'regimen',	24),
(181,	'IVRhsVZ5lzK',	'MoH 729B Facility - F\'MAPS Revision 2017 AZT + 3TC + LPV/r CS1A Paediatric ART 2nd Line regimens',	'MoH 729B',	'F-MAPS',	' Facility - F\'MAPS Revision 2017 AZT + 3TC + LPV/r CS1A Paediatric ART 2nd Line regimens',	'regimen',	39),
(182,	'fq1iSdRce1L',	'MoH 729B Facility - F\'MAPS Revision 2017 AZT + 3TC + LPV/r (Paed PEP) PC1A PEP for Children',	'MoH 729B',	'F-MAPS',	' Facility - F\'MAPS Revision 2017 AZT + 3TC + LPV/r (Paed PEP) PC1A PEP for Children',	'regimen',	64),
(183,	'wLDkbX9Plkb',	'MoH 729B Facility - F\'MAPS Revision 2017 AZT + 3TC + NVP AF1A Adult ART 1st Line regimens',	'MoH 729B',	'F-MAPS',	' Facility - F\'MAPS Revision 2017 AZT + 3TC + NVP AF1A Adult ART 1st Line regimens',	'regimen',	1),
(184,	'qhHgMWgTtaf',	'MoH 729B Facility - F\'MAPS Revision 2017 AZT + 3TC + NVP CF1A ?Paediatric ART 1st Line regimens',	'MoH 729B',	'F-MAPS',	' Facility - F\'MAPS Revision 2017 AZT + 3TC + NVP CF1A ?Paediatric ART 1st Line regimens',	'regimen',	22),
(185,	'IBgLhZ6TGIN',	'MoH 729B Facility - F\'MAPS Revision 2017 AZT + 3TC + RAL CF1E ?Paediatric ART 1st Line regimens',	'MoH 729B',	'F-MAPS',	' Facility - F\'MAPS Revision 2017 AZT + 3TC + RAL CF1E ?Paediatric ART 1st Line regimens',	'regimen',	101),
(186,	'mGv2cRAFYHp',	'MoH 729B Facility - F\'MAPS Revision 2017 AZT liquid BID for 12 weeks PC9 Infants',	'MoH 729B',	'F-MAPS',	' Facility - F\'MAPS Revision 2017 AZT liquid BID for 12 weeks PC9 Infants',	'regimen',	124),
(187,	'myKohBAYzQH',	'MoH 729B Facility - F\'MAPS Revision 2017 AZT liquid BID + NVP liquid OD for 6 weeks then NVP liquid OD for 6 weeks PC7 Infants',	'MoH 729B',	'F-MAPS',	' Facility - F\'MAPS Revision 2017 AZT liquid BID + NVP liquid OD for 6 weeks then NVP liquid OD for 6',	'regimen',	122),
(188,	'VaZGaAEeG2P',	'MoH 729B Facility - F\'MAPS Revision 2017 AZT liquid BID + NVP liquid OD for 6 weeks then NVP liquid OD until 6 weeks after complete cessation of Breas',	'MoH 729B',	'F-MAPS',	' Facility - F\'MAPS Revision 2017 AZT liquid BID + NVP liquid OD for 6 weeks then NVP liquid OD until',	'regimen',	123),
(189,	'ScYcfsdgCbO',	'MoH 729B Facility - F\'MAPS Revision 2017 DRV + RTV + other backbone ARVs  AT3A Adult ART 3rd Line regimens',	'MoH 729B',	'F-MAPS',	' Facility - F\'MAPS Revision 2017 DRV + RTV + other backbone ARVs  AT3A Adult ART 3rd Line regimens',	'regimen',	96),
(190,	'ybcMh0KKFZr',	'MoH 729B Facility - F\'MAPS Revision 2017 DRV + RTV + other backbone ARVs  CT3A Paediatric ART 3rd Line regimens',	'MoH 729B',	'F-MAPS',	' Facility - F\'MAPS Revision 2017 DRV + RTV + other backbone ARVs  CT3A Paediatric ART 3rd Line regim',	'regimen',	109),
(191,	'jcefsq3jdWL',	'MoH 729B Facility - F\'MAPS Revision 2017 DTG + DRV + RTV + ETV + other backbone ARVs AT4A Adult ART 3rd Line regimens',	'MoH 729B',	'F-MAPS',	' Facility - F\'MAPS Revision 2017 DTG + DRV + RTV + ETV + other backbone ARVs AT4A Adult ART 3rd Line',	'regimen',	97),
(192,	'O0HSdM6G7vd',	'MoH 729B Facility - F\'MAPS Revision 2017 DTG + DRV + RTV + ETV + other backbone ARVs CT4A Paediatric ART 3rd Line regimens',	'MoH 729B',	'F-MAPS',	' Facility - F\'MAPS Revision 2017 DTG + DRV + RTV + ETV + other backbone ARVs CT4A Paediatric ART 3rd',	'regimen',	110),
(193,	'eWEThxOYDMw',	'MoH 729B Facility - F\'MAPS Revision 2017 DTG + DRV + RTV + other backbone ARVs  AT4C Adult ART 3rd Line regimens',	'MoH 729B',	'F-MAPS',	' Facility - F\'MAPS Revision 2017 DTG + DRV + RTV + other backbone ARVs  AT4C Adult ART 3rd Line regi',	'regimen',	99),
(194,	'ycUVCAYJWuI',	'MoH 729B Facility - F\'MAPS Revision 2017 DTG + DRV + RTV + other backbone ARVs  CT4C Paediatric ART 3rd Line regimens',	'MoH 729B',	'F-MAPS',	' Facility - F\'MAPS Revision 2017 DTG + DRV + RTV + other backbone ARVs  CT4C Paediatric ART 3rd Line',	'regimen',	112),
(195,	'JBPIOjzgv6R',	'MoH 729B Facility - F\'MAPS Revision 2017 DTG + ETV + other backbone ARVs  AT4B Adult ART 3rd Line regimens',	'MoH 729B',	'F-MAPS',	' Facility - F\'MAPS Revision 2017 DTG + ETV + other backbone ARVs  AT4B Adult ART 3rd Line regimens',	'regimen',	98),
(196,	'r473eJYY5y3',	'MoH 729B Facility - F\'MAPS Revision 2017 DTG + ETV + other backbone ARVs  CT4B Paediatric ART 3rd Line regimens',	'MoH 729B',	'F-MAPS',	' Facility - F\'MAPS Revision 2017 DTG + ETV + other backbone ARVs  CT4B Paediatric ART 3rd Line regim',	'regimen',	111),
(197,	'Kc7UD8cHqr9',	'MoH 729B Facility - F\'MAPS Revision 2017 DTG + other backbone ARVs (2nd Line patients failing treatment) AT4D Adult ART 3rd Line regimens',	'MoH 729B',	'F-MAPS',	' Facility - F\'MAPS Revision 2017 DTG + other backbone ARVs (2nd Line patients failing treatment) AT4',	'regimen',	100),
(198,	'xKAySGhStvz',	'MoH 729B Facility - F\'MAPS Revision 2017 DTG + other backbone ARVs  CT4D Paediatric ART 3rd Line regimens',	'MoH 729B',	'F-MAPS',	' Facility - F\'MAPS Revision 2017 DTG + other backbone ARVs  CT4D Paediatric ART 3rd Line regimens',	'regimen',	113),
(199,	'x15yhXGQkQ2',	'MoH 729B Facility - F\'MAPS Revision 2017 ETV + DRV + RTV + other backbone ARVs  AT2C Adult ART 3rd Line regimens',	'MoH 729B',	'F-MAPS',	' Facility - F\'MAPS Revision 2017 ETV + DRV + RTV + other backbone ARVs  AT2C Adult ART 3rd Line regi',	'regimen',	95),
(200,	'cQ2cgf8LoTQ',	'MoH 729B Facility - F\'MAPS Revision 2017 ETV + DRV + RTV + other backbone ARVs  CT2C Paediatric ART 3rd Line regimens',	'MoH 729B',	'F-MAPS',	' Facility - F\'MAPS Revision 2017 ETV + DRV + RTV + other backbone ARVs  CT2C Paediatric ART 3rd Line',	'regimen',	108),
(201,	'ADPunvjgy2T',	'MoH 729B Facility - F\'MAPS Revision 2017 ETV + other backbone ARVs  AT2B Adult ART 3rd Line regimens',	'MoH 729B',	'F-MAPS',	' Facility - F\'MAPS Revision 2017 ETV + other backbone ARVs  AT2B Adult ART 3rd Line regimens',	'regimen',	94),
(202,	'X0A1ua8rxE5',	'MoH 729B Facility - F\'MAPS Revision 2017 ETV + other backbone ARVs  CT2B Paediatric ART 3rd Line regimens',	'MoH 729B',	'F-MAPS',	' Facility - F\'MAPS Revision 2017 ETV + other backbone ARVs  CT2B Paediatric ART 3rd Line regimens',	'regimen',	107),
(203,	'NrI59zzzkQo',	'MoH 729B Facility - F\'MAPS Revision 2017 NVP liquid OD for 12 weeks PC6 Infants',	'MoH 729B',	'F-MAPS',	' Facility - F\'MAPS Revision 2017 NVP liquid OD for 12 weeks PC6 Infants',	'regimen',	70),
(204,	'sEtPz2EZvAw',	'MoH 729B Facility - F\'MAPS Revision 2017 Paediatric patients on Cotrimoxazole prophylaxis  OI1C Universal prophylaxis',	'MoH 729B',	'F-MAPS',	' Facility - F\'MAPS Revision 2017 Paediatric patients on Cotrimoxazole prophylaxis  OI1C Universal pr',	'regimen',	52),
(205,	'BZ6SbgjUpXt',	'MoH 729B Facility - F\'MAPS Revision 2017 Paediatric patients on Dapsone prophylaxis  OI2C Universal prophylaxis',	'MoH 729B',	'F-MAPS',	' Facility - F\'MAPS Revision 2017 Paediatric patients on Dapsone prophylaxis  OI2C Universal prophyla',	'regimen',	54),
(206,	'C5Za9muckv2',	'MoH 729B Facility - F\'MAPS Revision 2017 Paed patients (<15 Yrs) newly started on IPT in the month OI4CN IPT',	'MoH 729B',	'F-MAPS',	' Facility - F\'MAPS Revision 2017 Paed patients (<15 Yrs) newly started on IPT in the month OI4CN IPT',	'regimen',	58),
(207,	'erJbYHRUm4G',	'MoH 729B Facility - F\'MAPS Revision 2017 Paed patients (<15 Yrs) on Fluconazole in the month OI5C Fluconazole (treatment & prophylaxis)',	'MoH 729B',	'F-MAPS',	' Facility - F\'MAPS Revision 2017 Paed patients (<15 Yrs) on Fluconazole in the month OI5C Fluconazol',	'regimen',	119),
(208,	'hzYT4vfNzQv',	'MoH 729B Facility - F\'MAPS Revision 2017 PMTCT HAART: AZT + 3TC + ATV/r PM10 Pregnant women or HEI Mothers',	'MoH 729B',	'F-MAPS',	' Facility - F\'MAPS Revision 2017 PMTCT HAART: AZT + 3TC + ATV/r PM10 Pregnant women or HEI Mothers',	'regimen',	72),
(209,	'FJsr7NuAZzG',	'MoH 729B Facility - F\'MAPS Revision 2017 PMTCT HAART: AZT + 3TC + EFV PM4 Pregnant women or HEI Mothers',	'MoH 729B',	'F-MAPS',	' Facility - F\'MAPS Revision 2017 PMTCT HAART: AZT + 3TC + EFV PM4 Pregnant women or HEI Mothers',	'regimen',	77),
(210,	'yow23Z4qoyH',	'MoH 729B Facility - F\'MAPS Revision 2017 PMTCT HAART: AZT + 3TC + LPV/r PM5 Pregnant women or HEI Mothers',	'MoH 729B',	'F-MAPS',	' Facility - F\'MAPS Revision 2017 PMTCT HAART: AZT + 3TC + LPV/r PM5 Pregnant women or HEI Mothers',	'regimen',	78),
(211,	'PUElM9fX05X',	'MoH 729B Facility - F\'MAPS Revision 2017 PMTCT HAART: AZT + 3TC + NVP PM3 Pregnant women or HEI Mothers',	'MoH 729B',	'F-MAPS',	' Facility - F\'MAPS Revision 2017 PMTCT HAART: AZT + 3TC + NVP PM3 Pregnant women or HEI Mothers',	'regimen',	76),
(212,	'C6Letuzs5lf',	'MoH 729B Facility - F\'MAPS Revision 2017 PMTCT HAART: TDF + 3TC + ATV/r PM11 Pregnant women or HEI Mothers',	'MoH 729B',	'F-MAPS',	' Facility - F\'MAPS Revision 2017 PMTCT HAART: TDF + 3TC + ATV/r PM11 Pregnant women or HEI Mothers',	'regimen',	73),
(213,	'Cfiqv92r3sT',	'MoH 729B Facility - F\'MAPS Revision 2017 PMTCT HAART: TDF + 3TC + EFV PM9 Pregnant women or HEI Mothers',	'MoH 729B',	'F-MAPS',	' Facility - F\'MAPS Revision 2017 PMTCT HAART: TDF + 3TC + EFV PM9 Pregnant women or HEI Mothers',	'regimen',	81),
(214,	'eSvJ0iwxW8S',	'MoH 729B Facility - F\'MAPS Revision 2017 PMTCT HAART:  TDF + 3TC + LPV/r PM7 Pregnant women or HEI Mothers',	'MoH 729B',	'F-MAPS',	' Facility - F\'MAPS Revision 2017 PMTCT HAART:  TDF + 3TC + LPV/r PM7 Pregnant women or HEI Mothers',	'regimen',	80),
(215,	'u5zeltl5rfV',	'MoH 729B Facility - F\'MAPS Revision 2017 PMTCT HAART:  TDF + 3TC + NVP PM6 Pregnant women or HEI Mothers',	'MoH 729B',	'F-MAPS',	' Facility - F\'MAPS Revision 2017 PMTCT HAART:  TDF + 3TC + NVP PM6 Pregnant women or HEI Mothers',	'regimen',	79),
(216,	'SwVyNmP3KWj',	'MoH 729B Facility - F\'MAPS Revision 2017 RAL + DRV + RTV + ETV + other backbone ARVs AT1D Adult ART 3rd Line regimens',	'MoH 729B',	'F-MAPS',	' Facility - F\'MAPS Revision 2017 RAL + DRV + RTV + ETV + other backbone ARVs AT1D Adult ART 3rd Line',	'regimen',	90),
(217,	'WiGtSsUKbhG',	'MoH 729B Facility - F\'MAPS Revision 2017 RAL + DRV + RTV + ETV + other backbone ARVs CT1D Paediatric ART 3rd Line regimens',	'MoH 729B',	'F-MAPS',	' Facility - F\'MAPS Revision 2017 RAL + DRV + RTV + ETV + other backbone ARVs CT1D Paediatric ART 3rd',	'regimen',	103),
(218,	'QKe6dCLlOY5',	'MoH 729B Facility - F\'MAPS Revision 2017 RAL + DRV + RTV + other backbone ARVs  AT1F Adult ART 3rd Line regimens',	'MoH 729B',	'F-MAPS',	' Facility - F\'MAPS Revision 2017 RAL + DRV + RTV + other backbone ARVs  AT1F Adult ART 3rd Line regi',	'regimen',	92),
(219,	'cBjklRPWUL2',	'MoH 729B Facility - F\'MAPS Revision 2017 RAL + DRV + RTV + other backbone ARVs  CT1F Paediatric ART 3rd Line regimens',	'MoH 729B',	'F-MAPS',	' Facility - F\'MAPS Revision 2017 RAL + DRV + RTV + other backbone ARVs  CT1F Paediatric ART 3rd Line',	'regimen',	105),
(220,	'dQvT7UAGd6X',	'MoH 729B Facility - F\'MAPS Revision 2017 RAL + ETV + other backbone ARVs  AT1E Adult ART 3rd Line regimens',	'MoH 729B',	'F-MAPS',	' Facility - F\'MAPS Revision 2017 RAL + ETV + other backbone ARVs  AT1E Adult ART 3rd Line regimens',	'regimen',	91),
(221,	'UR568N1hOPa',	'MoH 729B Facility - F\'MAPS Revision 2017 RAL + ETV + other backbone ARVs  CT1E Paediatric ART 3rd Line regimens',	'MoH 729B',	'F-MAPS',	' Facility - F\'MAPS Revision 2017 RAL + ETV + other backbone ARVs  CT1E Paediatric ART 3rd Line regim',	'regimen',	104),
(222,	'XoCw9rWanXi',	'MoH 729B Facility - F\'MAPS Revision 2017 RAL + other backbone ARVs (2nd Line patients failing treatment) AT1G Adult ART 3rd Line regimens',	'MoH 729B',	'F-MAPS',	' Facility - F\'MAPS Revision 2017 RAL + other backbone ARVs (2nd Line patients failing treatment) AT1',	'regimen',	93),
(223,	'fCstv9hvjRu',	'MoH 729B Facility - F\'MAPS Revision 2017 RAL + other backbone ARVs  CT1G Paediatric ART 3rd Line regimens',	'MoH 729B',	'F-MAPS',	' Facility - F\'MAPS Revision 2017 RAL + other backbone ARVs  CT1G Paediatric ART 3rd Line regimens',	'regimen',	106),
(224,	'R4o8kf2YWjI',	'MoH 729B Facility - F\'MAPS Revision 2017 TDF + 3TC + ATV/r (Adult PEP) PA3C PEP for Adults',	'MoH 729B',	'F-MAPS',	' Facility - F\'MAPS Revision 2017 TDF + 3TC + ATV/r (Adult PEP) PA3C PEP for Adults',	'regimen',	62),
(225,	'iFtejnjD642',	'MoH 729B Facility - F\'MAPS Revision 2017 TDF + 3TC + ATV/r AF2D Adult ART 1st Line regimens',	'MoH 729B',	'F-MAPS',	' Facility - F\'MAPS Revision 2017 TDF + 3TC + ATV/r AF2D Adult ART 1st Line regimens',	'regimen',	84),
(226,	'sZxDbjDMSJP',	'MoH 729B Facility - F\'MAPS Revision 2017 TDF + 3TC + ATV/r AS2C Adult ART 2nd Line regimens',	'MoH 729B',	'F-MAPS',	' Facility - F\'MAPS Revision 2017 TDF + 3TC + ATV/r AS2C Adult ART 2nd Line regimens',	'regimen',	13),
(227,	'Tq5txYkpNeq',	'MoH 729B Facility - F\'MAPS Revision 2017 TDF + 3TC + ATV/r CF4D ?Paediatric ART 1st Line regimens',	'MoH 729B',	'F-MAPS',	' Facility - F\'MAPS Revision 2017 TDF + 3TC + ATV/r CF4D ?Paediatric ART 1st Line regimens',	'regimen',	35),
(228,	'g1CiWNXh2to',	'MoH 729B Facility - F\'MAPS Revision 2017 TDF + 3TC + DTG AF2E Adult ART 1st Line regimens',	'MoH 729B',	'F-MAPS',	' Facility - F\'MAPS Revision 2017 TDF + 3TC + DTG AF2E Adult ART 1st Line regimens',	'regimen',	85),
(229,	'Sc2KIy2CW2i',	'MoH 729B Facility - F\'MAPS Revision 2017 TDF + 3TC + EFV AF2B Adult ART 1st Line regimens',	'MoH 729B',	'F-MAPS',	' Facility - F\'MAPS Revision 2017 TDF + 3TC + EFV AF2B Adult ART 1st Line regimens',	'regimen',	4),
(230,	'B5zFfFyFKz4',	'MoH 729B Facility - F\'MAPS Revision 2017 TDF + 3TC + EFV CF4B ?Paediatric ART 1st Line regimens',	'MoH 729B',	'F-MAPS',	' Facility - F\'MAPS Revision 2017 TDF + 3TC + EFV CF4B ?Paediatric ART 1st Line regimens',	'regimen',	33),
(231,	'VINh7l122hh',	'MoH 729B Facility - F\'MAPS Revision 2017 TDF + 3TC (HIV-ve HepB patients) HPB1A Hepatitis B Patients who are HIV-ve',	'MoH 729B',	'F-MAPS',	' Facility - F\'MAPS Revision 2017 TDF + 3TC (HIV-ve HepB patients) HPB1A Hepatitis B Patients who are',	'regimen',	114),
(232,	'naAOWrV7SIQ',	'MoH 729B Facility - F\'MAPS Revision 2017 TDF + 3TC + LPV/r (1L Adults <40kg) AF2F Adult ART 1st Line regimens',	'MoH 729B',	'F-MAPS',	' Facility - F\'MAPS Revision 2017 TDF + 3TC + LPV/r (1L Adults <40kg) AF2F Adult ART 1st Line regimen',	'regimen',	86),
(233,	'u0KxKZut2kn',	'MoH 729B Facility - F\'MAPS Revision 2017 TDF + 3TC + LPV/r AS2A Adult ART 2nd Line regimens',	'MoH 729B',	'F-MAPS',	' Facility - F\'MAPS Revision 2017 TDF + 3TC + LPV/r AS2A Adult ART 2nd Line regimens',	'regimen',	12),
(234,	'w6acAvEl35Z',	'MoH 729B Facility - F\'MAPS Revision 2017 TDF + 3TC + LPV/r CF4C ?Paediatric ART 1st Line regimens',	'MoH 729B',	'F-MAPS',	' Facility - F\'MAPS Revision 2017 TDF + 3TC + LPV/r CF4C ?Paediatric ART 1st Line regimens',	'regimen',	34),
(235,	'PSeaFlmgutF',	'MoH 729B Facility - F\'MAPS Revision 2017 TDF + 3TC + NVP AF2A Adult ART 1st Line regimens',	'MoH 729B',	'F-MAPS',	' Facility - F\'MAPS Revision 2017 TDF + 3TC + NVP AF2A Adult ART 1st Line regimens',	'regimen',	3),
(236,	'Zx33NaWjgVV',	'MoH 729B Facility - F\'MAPS Revision 2017 TDF + 3TC + NVP (children > 35kg) CF4A ?Paediatric ART 1st Line regimens',	'MoH 729B',	'F-MAPS',	' Facility - F\'MAPS Revision 2017 TDF + 3TC + NVP (children > 35kg) CF4A ?Paediatric ART 1st Line reg',	'regimen',	32),
(237,	'AYNAyx4h883',	'MoH 729B Facility - F\'MAPS Revision 2017 TDF + 3TC (PrEP) PRP1B PrEP',	'MoH 729B',	'F-MAPS',	' Facility - F\'MAPS Revision 2017 TDF + 3TC (PrEP) PRP1B PrEP',	'regimen',	125),
(238,	'd1GUFvC0UYs',	'MoH 729B Facility - F\'MAPS Revision 2017 TDF + 3TC + RAL (PWIDs intolerant to ATV) AF2G Adult ART 1st Line regimens',	'MoH 729B',	'F-MAPS',	' Facility - F\'MAPS Revision 2017 TDF + 3TC + RAL (PWIDs intolerant to ATV) AF2G Adult ART 1st Line r',	'regimen',	87),
(239,	'Qx1VNnHKY0m',	'MoH 729B Facility - F\'MAPS Revision 2017 TDF + FTC + ATV/r AF2H Adult ART 1st Line regimens',	'MoH 729B',	'F-MAPS',	' Facility - F\'MAPS Revision 2017 TDF + FTC + ATV/r AF2H Adult ART 1st Line regimens',	'regimen',	88),
(240,	'S81s5gZcFXA',	'MoH 729B Facility - F\'MAPS Revision 2017 TDF + FTC (HIV-ve HepB patients) HPB1B Hepatitis B Patients who are HIV-ve',	'MoH 729B',	'F-MAPS',	' Facility - F\'MAPS Revision 2017 TDF + FTC (HIV-ve HepB patients) HPB1B Hepatitis B Patients who are',	'regimen',	115),
(241,	'eq4rc07ARwD',	'MoH 729B Facility - F\'MAPS Revision 2017 TDF + FTC (PrEP) PRP1A PrEP',	'MoH 729B',	'F-MAPS',	' Facility - F\'MAPS Revision 2017 TDF + FTC (PrEP) PRP1A PrEP',	'regimen',	82),
(242,	'Neqx6RwDm6r',	'MoH 729B Facility - F\'MAPS Revision 2017 TDF (PrEP) PRP1C PrEP',	'MoH 729B',	'F-MAPS',	' Facility - F\'MAPS Revision 2017 TDF (PrEP) PRP1C PrEP',	'regimen',	126),
(243,	'L8fgnjjgYe1',	'MOH 729B HPB1A TDF + 3TC (HIV-ve HepB patients)',	'MOH 729B',	'F-MAPS',	' HPB1A TDF + 3TC (HIV-ve HepB patients)',	'regimen',	114),
(244,	'n1XjvboTZpE',	'MOH 729B HPB1B TDF + FTC (HIV-ve HepB patients)',	'MOH 729B',	'F-MAPS',	' HPB1B TDF + FTC (HIV-ve HepB patients)',	'regimen',	115),
(245,	'BNmsizbHkbN',	'MOH 729B OI1A Adult patients on Cotrimoxazole prophylaxis',	'MOH 729B',	'F-MAPS',	' OI1A Adult patients on Cotrimoxazole prophylaxis',	'regimen',	51),
(246,	'W2Fzg2Q8m7j',	'MOH 729B OI1C Paediatric patients on Cotrimoxazole prophylaxis',	'MOH 729B',	'F-MAPS',	' OI1C Paediatric patients on Cotrimoxazole prophylaxis',	'regimen',	52),
(247,	'AfFiACJQkMf',	'MOH 729B OI2A Adult patients on Dapsone prophylaxis',	'MOH 729B',	'F-MAPS',	' OI2A Adult patients on Dapsone prophylaxis',	'regimen',	53),
(248,	'llU9TW7jQ2w',	'MOH 729B OI2C Paediatric patients on Dapsone prophylaxis',	'MOH 729B',	'F-MAPS',	' OI2C Paediatric patients on Dapsone prophylaxis',	'regimen',	54),
(249,	'uZn6HAl0krd',	'MOH 729B OI4AN Adult patients (=>15 Yrs) started on IPT in the month',	'MOH 729B',	'F-MAPS',	' OI4AN Adult patients (=>15 Yrs) started on IPT in the month',	'regimen',	116),
(250,	'ow3BwSKt0dv',	'MOH 729B OI4CN Paed patients (<15 Yrs) started on IPT in the month',	'MOH 729B',	'F-MAPS',	' OI4CN Paed patients (<15 Yrs) started on IPT in the month',	'regimen',	117),
(251,	'LjoptxNJo91',	'MOH 729B PA1B AZT + 3TC + LPV/r (Adult PEP)',	'MOH 729B',	'F-MAPS',	' PA1B AZT + 3TC + LPV/r (Adult PEP)',	'regimen',	59),
(252,	'dCaa2nTxEGV',	'MOH 729B PA1C AZT + 3TC + ATV/r (Adult PEP)',	'MOH 729B',	'F-MAPS',	' PA1C AZT + 3TC + ATV/r (Adult PEP)',	'regimen',	60),
(253,	'hYDtZ4Vm3d1',	'MOH 729B PA3B TDF + 3TC + LPV/r (Adult PEP)',	'MOH 729B',	'F-MAPS',	' PA3B TDF + 3TC + LPV/r (Adult PEP)',	'regimen',	61),
(254,	'K5WLTcE6M3O',	'MOH 729B PA3C TDF + 3TC + ATV/r (Adult PEP)',	'MOH 729B',	'F-MAPS',	' PA3C TDF + 3TC + ATV/r (Adult PEP)',	'regimen',	62),
(255,	'lGxT5bZaN2U',	'MOH 729B PA4X Any other PEP regimens for Adults',	'MOH 729B',	'F-MAPS',	' PA4X Any other PEP regimens for Adults',	'regimen',	63),
(256,	'Ao3IJMR26Qb',	'MOH 729B Paed patients (<15 Yrs) on Fluconazole in the month',	'MOH 729B',	'F-MAPS',	' Paed patients (<15 Yrs) on Fluconazole in the month',	'regimen',	119),
(257,	'NMeMN1lH3Ff',	'MOH 729B PC1A AZT + 3TC + LPV/r (Paed PEP)',	'MOH 729B',	'F-MAPS',	' PC1A AZT + 3TC + LPV/r (Paed PEP)',	'regimen',	65),
(258,	'axvTDBWGhf3',	'MOH 729B PC1X All other PMTCT regimens for Infants',	'MOH 729B',	'F-MAPS',	' PC1X All other PMTCT regimens for Infants',	'regimen',	66),
(259,	'owwzy85184b',	'MOH 729B PC2 NVP OD for Breastfeeding Infants until 1 week after complete cessation of Breastfeeding',	'MOH 729B',	'F-MAPS',	' PC2 NVP OD for Breastfeeding Infants until 1 week after complete cessation of Breastfeeding',	'regimen',	67),
(260,	'zjdclnhvCWK',	'MOH 729B PC3A ABC + 3TC + LPV/r (Paed PEP)',	'MOH 729B',	'F-MAPS',	' PC3A ABC + 3TC + LPV/r (Paed PEP)',	'regimen',	68),
(261,	'DUj0UyuAh0z',	'MOH 729B PC4X Any other PEP regimens for Children',	'MOH 729B',	'F-MAPS',	' PC4X Any other PEP regimens for Children',	'regimen',	69),
(262,	'L9btjT9eDql',	'MOH 729B PC5 3TC Liquid BD for 12 weeks',	'MOH 729B',	'F-MAPS',	' PC5 3TC Liquid BD for 12 weeks',	'regimen',	121),
(263,	'yUokXNjdtXU',	'MOH 729B PC6 NVP liquid OD for 12 weeks',	'MOH 729B',	'F-MAPS',	' PC6 NVP liquid OD for 12 weeks',	'regimen',	70),
(264,	'wCMjhYb8uVv',	'MOH 729B PC9 AZT liquid BID for 12 weeks',	'MOH 729B',	'F-MAPS',	' PC9 AZT liquid BID for 12 weeks',	'regimen',	124),
(265,	'lXgr5RUap30',	'MOH 729B PM10 PMTCT HAART: AZT + 3TC + ATV/r',	'MOH 729B',	'F-MAPS',	' PM10 PMTCT HAART: AZT + 3TC + ATV/r',	'regimen',	72),
(266,	'VeFJAceo4FL',	'MOH 729B PM11 PMTCT HAART: TDF + 3TC + ATV/r',	'MOH 729B',	'F-MAPS',	' PM11 PMTCT HAART: TDF + 3TC + ATV/r',	'regimen',	73),
(267,	'wlJ0Tv4jHks',	'MOH 729B PM1X Any other PMTCT regimens for Women',	'MOH 729B',	'F-MAPS',	' PM1X Any other PMTCT regimens for Women',	'regimen',	74),
(268,	'la5EU6sF7H6',	'MOH 729B PM3 PMTCT HAART: AZT + 3TC + NVP',	'MOH 729B',	'F-MAPS',	' PM3 PMTCT HAART: AZT + 3TC + NVP',	'regimen',	76),
(269,	'E6Oh5KvWIls',	'MOH 729B PM4 PMTCT HAART: AZT + 3TC + EFV',	'MOH 729B',	'F-MAPS',	' PM4 PMTCT HAART: AZT + 3TC + EFV',	'regimen',	77),
(270,	'Y9S9AxGgFMs',	'MOH 729B PM5 PMTCT HAART: AZT + 3TC + LPV/r',	'MOH 729B',	'F-MAPS',	' PM5 PMTCT HAART: AZT + 3TC + LPV/r',	'regimen',	78),
(271,	'zkYS2haOdDn',	'MOH 729B PM6 PMTCT HAART:  TDF + 3TC + NVP',	'MOH 729B',	'F-MAPS',	' PM6 PMTCT HAART:  TDF + 3TC + NVP',	'regimen',	79),
(272,	'FaLaBoUyE0Z',	'MOH 729B PM7 PMTCT HAART:  TDF + 3TC + LPV/r',	'MOH 729B',	'F-MAPS',	' PM7 PMTCT HAART:  TDF + 3TC + LPV/r',	'regimen',	80),
(273,	'frs6D2j48Py',	'MOH 729B PM9 PMTCT HAART: TDF + 3TC + EFV',	'MOH 729B',	'F-MAPS',	' PM9 PMTCT HAART: TDF + 3TC + EFV',	'regimen',	81),
(274,	'KIno9ppVSda',	'MOH 729B PRP1A TDF + FTC (PrEP)',	'MOH 729B',	'F-MAPS',	' PRP1A TDF + FTC (PrEP)',	'regimen',	82),
(275,	'nVOFfIM3yST',	'MOH 729B PRP1B TDF + 3TC (PrEP)',	'MOH 729B',	'F-MAPS',	' PRP1B TDF + 3TC (PrEP)',	'regimen',	125),
(276,	'TApxJGFN7kk',	'MOH 729B PRP1C TDF (PrEP)',	'MOH 729B',	'F-MAPS',	' PRP1C TDF (PrEP)',	'regimen',	126),
(277,	'T8vIpv842eX',	'MOH 730A Abacavir (ABC) 300mg Tabs',	'MOH 730A',	'D-CDRR',	' Abacavir (ABC) 300mg Tabs',	'drug',	1),
(278,	'MMjtUfWaIlo',	'MOH 730A Abacavir (ABC) 300mg Tabs Date',	'MOH 730A',	'D-CDRR',	' Abacavir (ABC) 300mg Tabs Date',	'drug',	1),
(279,	'v70T2bzhYBH',	'MOH 730A Abacavir/Lamivudine (ABC/3TC) 60mg/30mg FDC Tabs',	'MOH 730A',	'D-CDRR',	' Abacavir/Lamivudine (ABC/3TC) 60mg/30mg FDC Tabs',	'drug',	2),
(280,	'fqpnX9RTSf0',	'MOH 730A Abacavir/Lamivudine (ABC/3TC) 60mg/30mg FDC Tabs Date',	'MOH 730A',	'D-CDRR',	' Abacavir/Lamivudine (ABC/3TC) 60mg/30mg FDC Tabs Date',	'drug',	2),
(281,	'kMTppRz9Dy6',	'MOH 730A Acyclovir 400mg Tabs',	'MOH 730A',	'D-CDRR',	' Acyclovir 400mg Tabs',	'drug',	5),
(282,	'Bc3EleUlv1w',	'MOH 730A Acyclovir 400mg Tabs Date',	'MOH 730A',	'D-CDRR',	' Acyclovir 400mg Tabs Date',	'drug',	5),
(283,	'OzHa7Wm9wWb',	'MOH 730A Amphotericin B 50mg IV Injection',	'MOH 730A',	'D-CDRR',	' Amphotericin B 50mg IV Injection',	'drug',	6),
(284,	'ooDvfpdFy8I',	'MOH 730A Amphotericin B 50mg IV Injection  Date',	'MOH 730A',	'D-CDRR',	' Amphotericin B 50mg IV Injection  Date',	'drug',	6),
(285,	'HKNzvgOEXdV',	'MOH 730A Atazanavir/Ritonavir (ATV/r) 300/100mg tabs',	'MOH 730A',	'D-CDRR',	' Atazanavir/Ritonavir (ATV/r) 300/100mg tabs',	'drug',	8),
(286,	'Vj8alOcx8dB',	'MOH 730A Atazanavir/Ritonavir (ATV/r) 300/100mg tabs Date',	'MOH 730A',	'D-CDRR',	' Atazanavir/Ritonavir (ATV/r) 300/100mg tabs Date',	'drug',	8),
(287,	'zX3RWIpPsU5',	'MOH 730A Cotrimoxazole 960mg Tabs (for Pack of 100 tabs)',	'MOH 730A',	'D-CDRR',	' Cotrimoxazole 960mg Tabs (for Pack of 100 tabs)',	'drug',	11),
(288,	'gtSuRhVTELS',	'MOH 730A Cotrimoxazole 960mg Tabs (for Pack of 100 tabs) Date',	'MOH 730A',	'D-CDRR',	' Cotrimoxazole 960mg Tabs (for Pack of 100 tabs) Date',	'drug',	11),
(289,	'anJTqZAje6a',	'MOH 730A Cotrimoxazole 960mg Tabs (for Pack of 500 tabs)',	'MOH 730A',	'D-CDRR',	' Cotrimoxazole 960mg Tabs (for Pack of 500 tabs)',	'drug',	12),
(290,	'mKXlITgt3we',	'MOH 730A Cotrimoxazole 960mg Tabs (for Pack of 500 tabs) Date',	'MOH 730A',	'D-CDRR',	' Cotrimoxazole 960mg Tabs (for Pack of 500 tabs) Date',	'drug',	12),
(291,	'Ptvb1N5gQ54',	'MOH 730A Cotrimoxazole Suspension 240mg/5ml',	'MOH 730A',	'D-CDRR',	' Cotrimoxazole Suspension 240mg/5ml',	'drug',	10),
(292,	'ZrGVsyg1ItU',	'MOH 730A Cotrimoxazole Suspension 240mg/5ml Date',	'MOH 730A',	'D-CDRR',	' Cotrimoxazole Suspension 240mg/5ml Date',	'drug',	10),
(293,	'ZcZwhTRfWkK',	'MOH 730A Dapsone 100mg Tabs (for Pack of 1000 tabs)',	'MOH 730A',	'D-CDRR',	' Dapsone 100mg Tabs (for Pack of 1000 tabs)',	'drug',	13),
(294,	'tLnOgsuoWiW',	'MOH 730A Dapsone 100mg Tabs (for Pack of 1000 tabs) Date',	'MOH 730A',	'D-CDRR',	' Dapsone 100mg Tabs (for Pack of 1000 tabs) Date',	'drug',	13),
(295,	'g2J7NpW2ZM8',	'MOH 730A Dapsone 100mg Tabs (for Pack of 100 tabs)',	'MOH 730A',	'D-CDRR',	' Dapsone 100mg Tabs (for Pack of 100 tabs)',	'drug',	13),
(296,	'KFUwW43skJV',	'MOH 730A Dapsone 100mg Tabs (for Pack of 100 tabs) Date',	'MOH 730A',	'D-CDRR',	' Dapsone 100mg Tabs (for Pack of 100 tabs) Date',	'drug',	13),
(297,	'onTjG9ODh1k',	'MOH 730A Darunavir (DRV) 150mg Tabs (Pack of 240 tabs)',	'MOH 730A',	'D-CDRR',	' Darunavir (DRV) 150mg Tabs (Pack of 240 tabs)',	'drug',	17),
(298,	'e8AJBrccirC',	'MOH 730A Darunavir (DRV) 150mg Tabs (Pack of 240 tabs) Date',	'MOH 730A',	'D-CDRR',	' Darunavir (DRV) 150mg Tabs (Pack of 240 tabs) Date',	'drug',	17),
(299,	'BDKBvFhIQJf',	'MOH 730A Darunavir (DRV) 600mg tabs',	'MOH 730A',	'D-CDRR',	' Darunavir (DRV) 600mg tabs',	'drug',	15),
(300,	'g3eRQJb2DxE',	'MOH 730A Darunavir (DRV) 600mg tabs Date',	'MOH 730A',	'D-CDRR',	' Darunavir (DRV) 600mg tabs Date',	'drug',	15),
(301,	'bZplX60YbPf',	'MOH 730A Darunavir (DRV) 75mg Tabs (Pack of 480 tabs)',	'MOH 730A',	'D-CDRR',	' Darunavir (DRV) 75mg Tabs (Pack of 480 tabs)',	'drug',	18),
(302,	'HlL5QUB4BHn',	'MOH 730A Darunavir (DRV) 75mg Tabs (Pack of 480 tabs) Date',	'MOH 730A',	'D-CDRR',	' Darunavir (DRV) 75mg Tabs (Pack of 480 tabs) Date',	'drug',	18),
(303,	'wxA11VC6wRx',	'MOH 730A Darunavir (DRV) susp 100mg/ml',	'MOH 730A',	'D-CDRR',	' Darunavir (DRV) susp 100mg/ml',	'drug',	21),
(304,	'oanm5ctGRqL',	'MOH 730A Darunavir (DRV) susp 100mg/ml Date',	'MOH 730A',	'D-CDRR',	' Darunavir (DRV) susp 100mg/ml Date',	'drug',	21),
(305,	'U3PLl3ULQt8',	'MOH 730A Diflucan 200mg Tabs',	'MOH 730A',	'D-CDRR',	' Diflucan 200mg Tabs',	'drug',	24),
(306,	'C6Z4Qv4O8I9',	'MOH 730A Diflucan 200mg Tabs Date',	'MOH 730A',	'D-CDRR',	' Diflucan 200mg Tabs Date',	'drug',	24),
(307,	'piEFmBh6Uql',	'MOH 730A Diflucan IV Infusion 2mg/ml',	'MOH 730A',	'D-CDRR',	' Diflucan IV Infusion 2mg/ml',	'drug',	22),
(308,	'hWEbEHyjlDD',	'MOH 730A Diflucan IV Infusion 2mg/ml Date',	'MOH 730A',	'D-CDRR',	' Diflucan IV Infusion 2mg/ml Date',	'drug',	22),
(309,	'zbrSNo8bSST',	'MOH 730A Diflucan Suspension 50mg/5ml',	'MOH 730A',	'D-CDRR',	' Diflucan Suspension 50mg/5ml',	'drug',	23),
(310,	'DZrEg4E6EEM',	'MOH 730A Diflucan Suspension 50mg/5ml Date',	'MOH 730A',	'D-CDRR',	' Diflucan Suspension 50mg/5ml Date',	'drug',	23),
(311,	'UMqyIpzJRCJ',	'MOH 730A Efavirenz (EFV) 200mg Tabs',	'MOH 730A',	'D-CDRR',	' Efavirenz (EFV) 200mg Tabs',	'drug',	27),
(312,	'dFnBJbREM7V',	'MOH 730A Efavirenz (EFV) 200mg Tabs Date',	'MOH 730A',	'D-CDRR',	' Efavirenz (EFV) 200mg Tabs Date',	'drug',	27),
(313,	'ugsQqSyyZy2',	'MOH 730A Efavirenz (EFV) 600mg Tabs',	'MOH 730A',	'D-CDRR',	' Efavirenz (EFV) 600mg Tabs',	'drug',	26),
(314,	'tl3vK3UTOQj',	'MOH 730A Efavirenz (EFV) 600mg Tabs Date',	'MOH 730A',	'D-CDRR',	' Efavirenz (EFV) 600mg Tabs Date',	'drug',	26),
(315,	'wFFhejJhg1B',	'MOH 730A Etravirine (ETV) 100mg tabs',	'MOH 730A',	'D-CDRR',	' Etravirine (ETV) 100mg tabs',	'drug',	31),
(316,	'eCYiTK1B4DP',	'MOH 730A Etravirine (ETV) 100mg tabs Date',	'MOH 730A',	'D-CDRR',	' Etravirine (ETV) 100mg tabs Date',	'drug',	31),
(317,	'LI1E9Xrvpwr',	'MOH 730A Etravirine (ETV) 200mg tabs',	'MOH 730A',	'D-CDRR',	' Etravirine (ETV) 200mg tabs',	'drug',	30),
(318,	'Ftb9iad2tuF',	'MOH 730A Etravirine (ETV) 200mg tabs Date',	'MOH 730A',	'D-CDRR',	' Etravirine (ETV) 200mg tabs Date',	'drug',	30),
(319,	'fWTJUSnntn6',	'MOH 730A Etravirine (ETV) 25mg tabs',	'MOH 730A',	'D-CDRR',	' Etravirine (ETV) 25mg tabs',	'drug',	32),
(320,	'gxaaZQcXxyN',	'MOH 730A Etravirine (ETV) 25mg tabs Date',	'MOH 730A',	'D-CDRR',	' Etravirine (ETV) 25mg tabs Date',	'drug',	32),
(321,	'HkZ39x8BCEK',	'MOH 730A Fluconazole 200mg Tabs',	'MOH 730A',	'D-CDRR',	' Fluconazole 200mg Tabs',	'drug',	34),
(322,	'QOqeb7sf39F',	'MOH 730A Fluconazole 200mg Tabs Date',	'MOH 730A',	'D-CDRR',	' Fluconazole 200mg Tabs Date',	'drug',	34),
(323,	'siZ3FslqDHV',	'MOH 730A Isoniazid (H) 100mg tabs',	'MOH 730A',	'D-CDRR',	' Isoniazid (H) 100mg tabs',	'drug',	35),
(324,	's2TIUgmsLak',	'MOH 730A Isoniazid (H) 100mg tabs Date',	'MOH 730A',	'D-CDRR',	' Isoniazid (H) 100mg tabs Date',	'drug',	35),
(325,	'ymWk2uW4f1s',	'MOH 730A Isoniazid (H) 300mg Tabs (for Pack of 100 tabs)',	'MOH 730A',	'D-CDRR',	' Isoniazid (H) 300mg Tabs (for Pack of 100 tabs)',	'drug',	37),
(326,	'K9oX1OaALFB',	'MOH 730A Isoniazid (H) 300mg Tabs (for Pack of 100 tabs) Date',	'MOH 730A',	'D-CDRR',	' Isoniazid (H) 300mg Tabs (for Pack of 100 tabs) Date',	'drug',	37),
(327,	'y8vOQhrlRLj',	'MOH 730A Isoniazid (H) 300mg Tabs (for Pack of 672 tabs)',	'MOH 730A',	'D-CDRR',	' Isoniazid (H) 300mg Tabs (for Pack of 672 tabs)',	'drug',	36),
(328,	'PdpLFlfNShY',	'MOH 730A Isoniazid (H) 300mg Tabs (for Pack of 672 tabs) Date',	'MOH 730A',	'D-CDRR',	' Isoniazid (H) 300mg Tabs (for Pack of 672 tabs) Date',	'drug',	36),
(329,	'iKalfg97rtZ',	'MOH 730A Lamivudine (3TC) 150mg Tabs',	'MOH 730A',	'D-CDRR',	' Lamivudine (3TC) 150mg Tabs',	'drug',	38),
(330,	'QRCbMPITvie',	'MOH 730A Lamivudine (3TC) 150mg Tabs Date',	'MOH 730A',	'D-CDRR',	' Lamivudine (3TC) 150mg Tabs Date',	'drug',	38),
(331,	'r9fSbflgQgC',	'MOH 730A Lamivudine (3TC) liquid 10mg/ml',	'MOH 730A',	'D-CDRR',	' Lamivudine (3TC) liquid 10mg/ml',	'drug',	39),
(332,	'VnDYmT9vbQr',	'MOH 730A Lamivudine (3TC) liquid 10mg/ml Date',	'MOH 730A',	'D-CDRR',	' Lamivudine (3TC) liquid 10mg/ml Date',	'drug',	39),
(333,	'VJ9VJ6dxwVD',	'MOH 730A Lopinavir/ritonavir (LPV/r) 200/50mg Tabs',	'MOH 730A',	'D-CDRR',	' Lopinavir/ritonavir (LPV/r) 200/50mg Tabs',	'drug',	41),
(334,	'U20nZSx3xRa',	'MOH 730A Lopinavir/ritonavir (LPV/r) 200/50mg Tabs Date',	'MOH 730A',	'D-CDRR',	' Lopinavir/ritonavir (LPV/r) 200/50mg Tabs Date',	'drug',	41),
(335,	'OnFFuii2sYi',	'MOH 730A Lopinavir/ritonavir (LPV/r) liquid 80/20mg/ml',	'MOH 730A',	'D-CDRR',	' Lopinavir/ritonavir (LPV/r) liquid 80/20mg/ml',	'drug',	42),
(336,	'i7ACaP3K3Fe',	'MOH 730A Lopinavir/ritonavir (LPV/r) liquid 80/20mg/ml Date',	'MOH 730A',	'D-CDRR',	' Lopinavir/ritonavir (LPV/r) liquid 80/20mg/ml Date',	'drug',	42),
(337,	'JrfpoCr2vII',	'MOH 730A Nevirapine (NVP) 200mg Tabs',	'MOH 730A',	'D-CDRR',	' Nevirapine (NVP) 200mg Tabs',	'drug',	44),
(338,	'Lf4bdoFYDBF',	'MOH 730A Nevirapine (NVP) 200mg Tabs Date',	'MOH 730A',	'D-CDRR',	' Nevirapine (NVP) 200mg Tabs Date',	'drug',	44),
(339,	'rNmSAnjCmWK',	'MOH 730A Nevirapine (NVP) Susp 10mg/ml',	'MOH 730A',	'D-CDRR',	' Nevirapine (NVP) Susp 10mg/ml',	'drug',	43),
(340,	'kdlgVPvedKG',	'MOH 730A Nevirapine (NVP) Susp 10mg/ml  Date',	'MOH 730A',	'D-CDRR',	' Nevirapine (NVP) Susp 10mg/ml  Date',	'drug',	43),
(341,	'AUsGmP0j5eC',	'MOH 730A Pyridoxine 25mg Tabs',	'MOH 730A',	'D-CDRR',	' Pyridoxine 25mg Tabs',	'drug',	47),
(342,	'Cwa2SI0sBlA',	'MOH 730A Pyridoxine 25mg Tabs Date',	'MOH 730A',	'D-CDRR',	' Pyridoxine 25mg Tabs Date',	'drug',	47),
(343,	'wWKgpcMkHnJ',	'MOH 730A Pyridoxine 50mg Tabs',	'MOH 730A',	'D-CDRR',	' Pyridoxine 50mg Tabs',	'drug',	48),
(344,	'KVsoXNki6PM',	'MOH 730A Pyridoxine 50mg Tabs Date',	'MOH 730A',	'D-CDRR',	' Pyridoxine 50mg Tabs Date',	'drug',	48),
(345,	'pCPSqHPI4iN',	'MOH 730A Raltegravir (RAL) 100mg tabs',	'MOH 730A',	'D-CDRR',	' Raltegravir (RAL) 100mg tabs',	'drug',	50),
(346,	'rLNVVzoRsZl',	'MOH 730A Raltegravir (RAL) 100mg tabs Date',	'MOH 730A',	'D-CDRR',	' Raltegravir (RAL) 100mg tabs Date',	'drug',	50),
(347,	'kwhxIWspmVw',	'MOH 730A Raltegravir (RAL) 25mg tabs',	'MOH 730A',	'D-CDRR',	' Raltegravir (RAL) 25mg tabs',	'drug',	51),
(348,	'sLAlHXBpqJr',	'MOH 730A Raltegravir (RAL) 25mg tabs Date',	'MOH 730A',	'D-CDRR',	' Raltegravir (RAL) 25mg tabs Date',	'drug',	51),
(349,	'VfUQzXlpKQl',	'MOH 730A Raltegravir (RAL) 400mg tabs',	'MOH 730A',	'D-CDRR',	' Raltegravir (RAL) 400mg tabs',	'drug',	49),
(350,	'nrWPry2ZWu9',	'MOH 730A Raltegravir (RAL) 400mg tabs Date',	'MOH 730A',	'D-CDRR',	' Raltegravir (RAL) 400mg tabs Date',	'drug',	49),
(351,	'xSV7byIx6hP',	'MoH 730A Revision 2017 Adult preparations Abacavir (ABC) 300mg Tablets 60s',	'MoH 730A',	'D-CDRR',	' Revision 2017 Adult preparations Abacavir (ABC) 300mg Tablets 60s',	'drug',	1),
(352,	'z56Zx3oNT6k',	'MoH 730A Revision 2017 Adult preparations Abacavir/Lamivudine (ABC/3TC) 600mg/300mg FDC Tablets 60s',	'MoH 730A',	'D-CDRR',	' Revision 2017 Adult preparations Abacavir/Lamivudine (ABC/3TC) 600mg/300mg FDC Tablets 60s',	'drug',	3),
(353,	'JGtgXeYJrlj',	'MoH 730A Revision 2017 Adult preparations Atazanavir/Ritonavir (ATV/r) 300/100mg Tablets 30s',	'MoH 730A',	'D-CDRR',	' Revision 2017 Adult preparations Atazanavir/Ritonavir (ATV/r) 300/100mg Tablets 30s',	'drug',	8),
(354,	'dOxSLJJohwG',	'MoH 730A Revision 2017 Adult preparations Darunavir (DRV) 600mg Tablets 60s',	'MoH 730A',	'D-CDRR',	' Revision 2017 Adult preparations Darunavir (DRV) 600mg Tablets 60s',	'drug',	15),
(355,	'L806dq5McGs',	'MoH 730A Revision 2017 Adult preparations Dolutegravir(DTG) 50mg tabs 30s',	'MoH 730A',	'D-CDRR',	' Revision 2017 Adult preparations Dolutegravir(DTG) 50mg tabs 30s',	'drug',	25),
(356,	'AhplFNAiV6U',	'MoH 730A Revision 2017 Adult preparations Efavirenz (EFV) 400mg Tablets 30s',	'MoH 730A',	'D-CDRR',	' Revision 2017 Adult preparations Efavirenz (EFV) 400mg Tablets 30s',	'drug',	28),
(357,	'BtchKQKI9Zp',	'MoH 730A Revision 2017 Adult preparations Efavirenz (EFV) 600mg Tablets 30s',	'MoH 730A',	'D-CDRR',	' Revision 2017 Adult preparations Efavirenz (EFV) 600mg Tablets 30s',	'drug',	26),
(358,	'gOJ8fcp9qkO',	'MoH 730A Revision 2017 Adult preparations Etravirine (ETV) 200mg Tablets 60s',	'MoH 730A',	'D-CDRR',	' Revision 2017 Adult preparations Etravirine (ETV) 200mg Tablets 60s',	'drug',	30),
(359,	'NxM8T8jjy8q',	'MoH 730A Revision 2017 Adult preparations Lamivudine (3TC) 150mg Tablets 60s',	'MoH 730A',	'D-CDRR',	' Revision 2017 Adult preparations Lamivudine (3TC) 150mg Tablets 60s',	'drug',	38),
(360,	'bzf61UaI7tn',	'MoH 730A Revision 2017 Adult preparations Lopinavir/ritonavir (LPV/r) 200/50mg Tablets 120s',	'MoH 730A',	'D-CDRR',	' Revision 2017 Adult preparations Lopinavir/ritonavir (LPV/r) 200/50mg Tablets 120s',	'drug',	41),
(361,	'pphp4jO2Zmu',	'MoH 730A Revision 2017 Adult preparations Nevirapine (NVP) 200mg Tablets 60s',	'MoH 730A',	'D-CDRR',	' Revision 2017 Adult preparations Nevirapine (NVP) 200mg Tablets 60s',	'drug',	44),
(362,	'IMDLTkQZgAG',	'MoH 730A Revision 2017 Adult preparations Raltegravir (RAL) 400mg Tablets 60s',	'MoH 730A',	'D-CDRR',	' Revision 2017 Adult preparations Raltegravir (RAL) 400mg Tablets 60s',	'drug',	49),
(363,	'VjfUVtw0SYb',	'MoH 730A Revision 2017 Adult preparations Ritonavir (RTV) 100mg Tablets 60s',	'MoH 730A',	'D-CDRR',	' Revision 2017 Adult preparations Ritonavir (RTV) 100mg Tablets 60s',	'drug',	55),
(364,	'KT42Hlo0nav',	'MoH 730A Revision 2017 Adult preparations Tenofovir/Emtricitabine (TDF/FTC) FDC (300/200mg) Tablets 30s',	'MoH 730A',	'D-CDRR',	' Revision 2017 Adult preparations Tenofovir/Emtricitabine (TDF/FTC) FDC (300/200mg) Tablets 30s',	'drug',	61),
(365,	'w1rvXikvYgb',	'MoH 730A Revision 2017 Adult preparations Tenofovir/Lamivudine/Dolutegravir (TDF/3TC/DTG) FDC (300/300/50mg) FDC Tablets 30s',	'MoH 730A',	'D-CDRR',	' Revision 2017 Adult preparations Tenofovir/Lamivudine/Dolutegravir (TDF/3TC/DTG) FDC (300/300/50mg)',	'drug',	98),
(366,	'rn8h3fzdCxJ',	'MoH 730A Revision 2017 Adult preparations Tenofovir/Lamivudine/Efavirenz (TDF/3TC/EFV) FDC (300/300/400mg) FDC Tablets 30s',	'MoH 730A',	'D-CDRR',	' Revision 2017 Adult preparations Tenofovir/Lamivudine/Efavirenz (TDF/3TC/EFV) FDC (300/300/400mg) F',	'drug',	64),
(367,	'JjiRYAogBKx',	'MoH 730A Revision 2017 Adult preparations Tenofovir/Lamivudine/Efavirenz (TDF/3TC/EFV) FDC (300/300/600mg) FDC Tablets 30s',	'MoH 730A',	'D-CDRR',	' Revision 2017 Adult preparations Tenofovir/Lamivudine/Efavirenz (TDF/3TC/EFV) FDC (300/300/600mg) F',	'drug',	63),
(368,	'VEJVFDBQevo',	'MoH 730A Revision 2017 Adult preparations Tenofovir/Lamivudine (TDF/3TC) FDC (300/300mg) Tablets 30s',	'MoH 730A',	'D-CDRR',	' Revision 2017 Adult preparations Tenofovir/Lamivudine (TDF/3TC) FDC (300/300mg) Tablets 30s',	'drug',	62),
(369,	'Hw9BdL5sFjT',	'MoH 730A Revision 2017 Adult preparations Tenofovir (TDF) 300mg Tablets 30s',	'MoH 730A',	'D-CDRR',	' Revision 2017 Adult preparations Tenofovir (TDF) 300mg Tablets 30s',	'drug',	60),
(370,	'P0TtNqNdPge',	'MoH 730A Revision 2017 Adult preparations Zidovudine (AZT) 300mg Tablets 60s',	'MoH 730A',	'D-CDRR',	' Revision 2017 Adult preparations Zidovudine (AZT) 300mg Tablets 60s',	'drug',	65),
(371,	'j9ycZIqOK9r',	'MoH 730A Revision 2017 Adult preparations Zidovudine/Lamivudine (AZT/3TC) FDC (300/150mg) Tablets 30s',	'MoH 730A',	'D-CDRR',	' Revision 2017 Adult preparations Zidovudine/Lamivudine (AZT/3TC) FDC (300/150mg) Tablets 30s',	'drug',	67),
(372,	'sI4hUKLxgF3',	'MoH 730A Revision 2017 Adult preparations Zidovudine/Lamivudine/Nevirapine (AZT/3TC/NVP) FDC (300/150/200mg) Tablets 60s',	'MoH 730A',	'D-CDRR',	' Revision 2017 Adult preparations Zidovudine/Lamivudine/Nevirapine (AZT/3TC/NVP) FDC (300/150/200mg)',	'drug',	69),
(373,	'dw1XZMxNvPy',	'MoH 730A Revision 2017 Frosted slides',	'MoH 730A',	'D-CDRR',	' Revision 2017 Frosted slides',	'drug',	0),
(374,	'G79eRBegBQC',	'MoH 730A Revision 2017 Medicines for OIs Acyclovir 400mg Tablets 30s',	'MoH 730A',	'D-CDRR',	' Revision 2017 Medicines for OIs Acyclovir 400mg Tablets 30s',	'drug',	5),
(375,	'L50s6D0CmoI',	'MoH 730A Revision 2017 Medicines for OIs Amphotericin B 50mg IV Injection  1 vial',	'MoH 730A',	'D-CDRR',	' Revision 2017 Medicines for OIs Amphotericin B 50mg IV Injection  1 vial',	'drug',	6),
(376,	'Br5f2GZsVcv',	'MoH 730A Revision 2017 Medicines for OIs Cotrimoxazole 960mg Tablets 100s',	'MoH 730A',	'D-CDRR',	' Revision 2017 Medicines for OIs Cotrimoxazole 960mg Tablets 100s',	'drug',	11),
(377,	'DfeThidLCMV',	'MoH 730A Revision 2017 Medicines for OIs Cotrimoxazole suspension 240mg/5ml  100ml bottle',	'MoH 730A',	'D-CDRR',	' Revision 2017 Medicines for OIs Cotrimoxazole suspension 240mg/5ml  100ml bottle',	'drug',	10),
(378,	'G1JvkUpXEo7',	'MoH 730A Revision 2017 Medicines for OIs Dapsone 100mg Tablets 100s',	'MoH 730A',	'D-CDRR',	' Revision 2017 Medicines for OIs Dapsone 100mg Tablets 100s',	'drug',	13),
(379,	'wXxwZvfPYpY',	'MoH 730A Revision 2017 Medicines for OIs Fluconazole 200mg Tablets 100s',	'MoH 730A',	'D-CDRR',	' Revision 2017 Medicines for OIs Fluconazole 200mg Tablets 100s',	'drug',	34),
(380,	'hDdJ0IgunHk',	'MoH 730A Revision 2017 Medicines for OIs Fluconazole 50mg Tablets 100s',	'MoH 730A',	'D-CDRR',	' Revision 2017 Medicines for OIs Fluconazole 50mg Tablets 100s',	'drug',	33),
(381,	'SKLDREldu2P',	'MoH 730A Revision 2017 Paediatric preparations Abacavir/Lamivudine (ABC/3TC) 120mg/60mg FDC Tablets 30s',	'MoH 730A',	'D-CDRR',	' Revision 2017 Paediatric preparations Abacavir/Lamivudine (ABC/3TC) 120mg/60mg FDC Tablets 30s',	'drug',	4),
(382,	'gtPhFGMX00R',	'MoH 730A Revision 2017 Paediatric preparations Abacavir/Lamivudine (ABC/3TC) 60mg/30mg FDC Tablets 60s',	'MoH 730A',	'D-CDRR',	' Revision 2017 Paediatric preparations Abacavir/Lamivudine (ABC/3TC) 60mg/30mg FDC Tablets 60s',	'drug',	2),
(383,	'g92zlIbuekK',	'MoH 730A Revision 2017 Paediatric preparations Atazanavir (ATV) 100mg Caps 60s',	'MoH 730A',	'D-CDRR',	' Revision 2017 Paediatric preparations Atazanavir (ATV) 100mg Caps 60s',	'drug',	7),
(384,	'mekSQpOF9HK',	'MoH 730A Revision 2017 Paediatric preparations Darunavir (DRV) 150mg Tablets 240s',	'MoH 730A',	'D-CDRR',	' Revision 2017 Paediatric preparations Darunavir (DRV) 150mg Tablets 240s',	'drug',	17),
(385,	'cruasBPAIjm',	'MoH 730A Revision 2017 Paediatric preparations Darunavir (DRV) 75mg Tablets 480s',	'MoH 730A',	'D-CDRR',	' Revision 2017 Paediatric preparations Darunavir (DRV) 75mg Tablets 480s',	'drug',	18),
(386,	'OIp2FO4CouI',	'MoH 730A Revision 2017 Paediatric preparations Darunavir (DRV) susp 100mg/ml  (200ml Bottles) 200ml bottle',	'MoH 730A',	'D-CDRR',	' Revision 2017 Paediatric preparations Darunavir (DRV) susp 100mg/ml  (200ml Bottles) 200ml bottle',	'drug',	21),
(387,	'H5eOAm3h1dr',	'MoH 730A Revision 2017 Paediatric preparations Efavirenz (EFV) 200mg Tablets 90s',	'MoH 730A',	'D-CDRR',	' Revision 2017 Paediatric preparations Efavirenz (EFV) 200mg Tablets 90s',	'drug',	27),
(388,	'Ot6dTlnWqsm',	'MoH 730A Revision 2017 Paediatric preparations Etravirine (ETV) 100mg Tablets 60s',	'MoH 730A',	'D-CDRR',	' Revision 2017 Paediatric preparations Etravirine (ETV) 100mg Tablets 60s',	'drug',	31),
(389,	'kc2Fd159pHA',	'MoH 730A Revision 2017 Paediatric preparations Etravirine (ETV) 25mg Tablets 60s',	'MoH 730A',	'D-CDRR',	' Revision 2017 Paediatric preparations Etravirine (ETV) 25mg Tablets 60s',	'drug',	32),
(390,	'ktBUXRrp3tm',	'MoH 730A Revision 2017 Paediatric preparations Lamivudine (3TC) liquid 10mg/ml \n(240ml Bottles) 240ml bottle',	'MoH 730A',	'D-CDRR',	' Revision 2017 Paediatric preparations Lamivudine (3TC) liquid 10mg/ml \n(240ml Bottles) 240ml bottle',	'drug',	39),
(391,	'P26n530GcCS',	'MoH 730A Revision 2017 Paediatric preparations Lopinavir/ritonavir (LPV/r) 100/25mg Tabs 60s',	'MoH 730A',	'D-CDRR',	' Revision 2017 Paediatric preparations Lopinavir/ritonavir (LPV/r) 100/25mg Tabs 60s',	'drug',	84),
(392,	'uMv3tVf04Jq',	'MoH 730A Revision 2017 Paediatric preparations Lopinavir/ritonavir (LPV/r) 40/10mg Caps 120s',	'MoH 730A',	'D-CDRR',	' Revision 2017 Paediatric preparations Lopinavir/ritonavir (LPV/r) 40/10mg Caps 120s',	'drug',	40),
(393,	'J6AWEBA2aJM',	'MoH 730A Revision 2017 Paediatric preparations Lopinavir/ritonavir (LPV/r) liquid 80/20mg/ml (60ml Bottles) 60ml bottle',	'MoH 730A',	'D-CDRR',	' Revision 2017 Paediatric preparations Lopinavir/ritonavir (LPV/r) liquid 80/20mg/ml (60ml Bottles) ',	'drug',	42),
(394,	'KM2CZvHdtHs',	'MoH 730A Revision 2017 Paediatric preparations Nevirapine (NVP) Susp 10mg/ml  (100 ml Bottles) 100ml bottle',	'MoH 730A',	'D-CDRR',	' Revision 2017 Paediatric preparations Nevirapine (NVP) Susp 10mg/ml  (100 ml Bottles) 100ml bottle',	'drug',	43),
(395,	'TVLcoALTf3M',	'MoH 730A Revision 2017 Paediatric preparations Raltegravir (RAL) 100mg Tablets 60s',	'MoH 730A',	'D-CDRR',	' Revision 2017 Paediatric preparations Raltegravir (RAL) 100mg Tablets 60s',	'drug',	50),
(396,	'EWIkLDXoGal',	'MoH 730A Revision 2017 Paediatric preparations Raltegravir (RAL) 25mg Tablets 60s',	'MoH 730A',	'D-CDRR',	' Revision 2017 Paediatric preparations Raltegravir (RAL) 25mg Tablets 60s',	'drug',	51),
(397,	'tHmpXCXAhOe',	'MoH 730A Revision 2017 Paediatric preparations Ritonavir liquid 80mg/ml (90ml Bottles) 90ml bottle',	'MoH 730A',	'D-CDRR',	' Revision 2017 Paediatric preparations Ritonavir liquid 80mg/ml (90ml Bottles) 90ml bottle',	'drug',	54),
(398,	'wmZ3TqEjUMW',	'MoH 730A Revision 2017 Paediatric preparations Zidovudine (AZT) liquid 10mg/ml \n(240ml Bottles) 240ml bottle',	'MoH 730A',	'D-CDRR',	' Revision 2017 Paediatric preparations Zidovudine (AZT) liquid 10mg/ml \n(240ml Bottles) 240ml bottle',	'drug',	66),
(399,	'BrUQAzkTHfa',	'MoH 730A Revision 2017 Paediatric preparations Zidovudine/Lamivudine (AZT/3TC) FDC (60/30mg) Tablets 60s',	'MoH 730A',	'D-CDRR',	' Revision 2017 Paediatric preparations Zidovudine/Lamivudine (AZT/3TC) FDC (60/30mg) Tablets 60s',	'drug',	68),
(400,	'GIlEEebWrJ3',	'MoH 730A Revision 2017 Paediatric preparations Zidovudine/Lamivudine/Nevirapine (AZT/3TC/NVP) FDC (60/30/50mg) Tablets 60s',	'MoH 730A',	'D-CDRR',	' Revision 2017 Paediatric preparations Zidovudine/Lamivudine/Nevirapine (AZT/3TC/NVP) FDC (60/30/50m',	'drug',	70),
(401,	'HNNxzJkRT3X',	'MoH 730A Revision 2017 TB/ HIV DRUGS Ethambutol 400mg Tab (for Pack of 28 tabs) 28s',	'MoH 730A',	'D-CDRR',	' Revision 2017 TB/ HIV DRUGS Ethambutol 400mg Tab (for Pack of 28 tabs) 28s',	'drug',	29),
(402,	'U7MJuTQe0jD',	'MoH 730A Revision 2017 TB/ HIV DRUGS Isoniazid (H) 100mg Tablets 100s',	'MoH 730A',	'D-CDRR',	' Revision 2017 TB/ HIV DRUGS Isoniazid (H) 100mg Tablets 100s',	'drug',	35),
(403,	'T8LUxKSdxVM',	'MoH 730A Revision 2017 TB/ HIV DRUGS Isoniazid (H) 10mg/ml (120ml Bottles) 120ml bottle',	'MoH 730A',	'D-CDRR',	' Revision 2017 TB/ HIV DRUGS Isoniazid (H) 10mg/ml (120ml Bottles) 120ml bottle',	'drug',	95),
(404,	'MVzZPF9Yldh',	'MoH 730A Revision 2017 TB/ HIV DRUGS Isoniazid (H) 300mg Tabs (for Pack of 100 tabs) 100s',	'MoH 730A',	'D-CDRR',	' Revision 2017 TB/ HIV DRUGS Isoniazid (H) 300mg Tabs (for Pack of 100 tabs) 100s',	'drug',	37),
(405,	'ewHrR9U4M8f',	'MoH 730A Revision 2017 TB/ HIV DRUGS Isoniazid (H) 300mg Tabs (for Pack of 672 tabs) 672s',	'MoH 730A',	'D-CDRR',	' Revision 2017 TB/ HIV DRUGS Isoniazid (H) 300mg Tabs (for Pack of 672 tabs) 672s',	'drug',	36),
(406,	'KYj7Frl3A6j',	'MoH 730A Revision 2017 TB/ HIV DRUGS Pyrazinamide 500mg Tab (for Pack of 28 tabs) 28s',	'MoH 730A',	'D-CDRR',	' Revision 2017 TB/ HIV DRUGS Pyrazinamide 500mg Tab (for Pack of 28 tabs) 28s',	'drug',	46),
(407,	'EaT2A78t25J',	'MoH 730A Revision 2017 TB/ HIV DRUGS Pyridoxine 25mg Tabs 100s',	'MoH 730A',	'D-CDRR',	' Revision 2017 TB/ HIV DRUGS Pyridoxine 25mg Tabs 100s',	'drug',	47),
(408,	'r6Vjttmixln',	'MoH 730A Revision 2017 TB/ HIV DRUGS Pyridoxine 50mg Tablets 100s',	'MoH 730A',	'D-CDRR',	' Revision 2017 TB/ HIV DRUGS Pyridoxine 50mg Tablets 100s',	'drug',	48),
(409,	'p5KQL5gDzTs',	'MoH 730A Revision 2017 TB/ HIV DRUGS Rifabutin 150mg Tab 30s',	'MoH 730A',	'D-CDRR',	' Revision 2017 TB/ HIV DRUGS Rifabutin 150mg Tab 30s',	'drug',	53),
(410,	'xUayEnX8Blt',	'MOH 730A Ritonavir (RTV) 100mg tabs',	'MOH 730A',	'D-CDRR',	' Ritonavir (RTV) 100mg tabs',	'drug',	56),
(411,	'vzb0QhdEDj6',	'MOH 730A Ritonavir (RTV) 100mg tabs Date',	'MOH 730A',	'D-CDRR',	' Ritonavir (RTV) 100mg tabs Date',	'drug',	56),
(412,	'NWL4ULZezMy',	'MOH 730A Ritonavir (RTV) liquid 80mg/ml',	'MOH 730A',	'D-CDRR',	' Ritonavir (RTV) liquid 80mg/ml',	'drug',	54),
(413,	'ZROyprWMxhZ',	'MOH 730A Ritonavir (RTV) liquid 80mg/ml Date',	'MOH 730A',	'D-CDRR',	' Ritonavir (RTV) liquid 80mg/ml Date',	'drug',	54),
(414,	'LK4JkwJDx2c',	'MOH 730A Tenofovir/Lamivudine/Efavirenz (TDF/3TC/EFV) FDC (300/300/600mg) Tabs',	'MOH 730A',	'D-CDRR',	' Tenofovir/Lamivudine/Efavirenz (TDF/3TC/EFV) FDC (300/300/600mg) Tabs',	'drug',	63),
(415,	'BMFoqWOjdBw',	'MOH 730A Tenofovir/Lamivudine/Efavirenz (TDF/3TC/EFV) FDC (300/300/600mg) Tabs Date',	'MOH 730A',	'D-CDRR',	' Tenofovir/Lamivudine/Efavirenz (TDF/3TC/EFV) FDC (300/300/600mg) Tabs Date',	'drug',	63),
(416,	'aYXQcIen2Wl',	'MOH 730A Tenofovir/Lamivudine (TDF/3TC) FDC (300/300mg) Tabs',	'MOH 730A',	'D-CDRR',	' Tenofovir/Lamivudine (TDF/3TC) FDC (300/300mg) Tabs',	'drug',	62),
(417,	'Gj7v7FoXJdK',	'MOH 730A Tenofovir/Lamivudine (TDF/3TC) FDC (300/300mg) Tabs Date',	'MOH 730A',	'D-CDRR',	' Tenofovir/Lamivudine (TDF/3TC) FDC (300/300mg) Tabs Date',	'drug',	62),
(418,	'u66LdVsKCvV',	'MOH 730A Tenofovir (TDF) 300mg Tabs',	'MOH 730A',	'D-CDRR',	' Tenofovir (TDF) 300mg Tabs',	'drug',	60),
(419,	'RevLEtrNG0a',	'MOH 730A Tenofovir (TDF) 300mg Tabs Date',	'MOH 730A',	'D-CDRR',	' Tenofovir (TDF) 300mg Tabs Date',	'drug',	60),
(420,	'ijmmJw97V6g',	'MOH 730A Zidovudine/Lamivudine (AZT/3TC) FDC (300/150mg) Tabs',	'MOH 730A',	'D-CDRR',	' Zidovudine/Lamivudine (AZT/3TC) FDC (300/150mg) Tabs',	'drug',	67),
(421,	'b0Qch0D8yWT',	'MOH 730A Zidovudine/Lamivudine (AZT/3TC) FDC (300/150mg) Tabs Date',	'MOH 730A',	'D-CDRR',	' Zidovudine/Lamivudine (AZT/3TC) FDC (300/150mg) Tabs Date',	'drug',	67),
(422,	'eb9fVoSbFIr',	'MOH 730A Zidovudine/Lamivudine (AZT/3TC) FDC (60/30mg) Tabs',	'MOH 730A',	'D-CDRR',	' Zidovudine/Lamivudine (AZT/3TC) FDC (60/30mg) Tabs',	'drug',	68),
(423,	'DxAOqih74Ya',	'MOH 730A Zidovudine/Lamivudine (AZT/3TC) FDC (60/30mg) Tabs Date',	'MOH 730A',	'D-CDRR',	' Zidovudine/Lamivudine (AZT/3TC) FDC (60/30mg) Tabs Date',	'drug',	68),
(424,	'c4V5Fav5ovZ',	'MOH 730A Zidovudine/Lamivudine/Nevirapine (AZT/3TC/NVP) FDC (300/150/200mg) Tabs',	'MOH 730A',	'D-CDRR',	' Zidovudine/Lamivudine/Nevirapine (AZT/3TC/NVP) FDC (300/150/200mg) Tabs',	'drug',	69),
(425,	'mVYAT9njrGu',	'MOH 730A Zidovudine/Lamivudine/Nevirapine (AZT/3TC/NVP) FDC (300/150/200mg) Tabs Date',	'MOH 730A',	'D-CDRR',	' Zidovudine/Lamivudine/Nevirapine (AZT/3TC/NVP) FDC (300/150/200mg) Tabs Date',	'drug',	69),
(426,	'in4iMk8Fjj1',	'MOH 730A Zidovudine/Lamivudine/Nevirapine(AZT/3TC/NVP) FDC (60/30/50mg) tabs',	'MOH 730A',	'D-CDRR',	' Zidovudine/Lamivudine/Nevirapine(AZT/3TC/NVP) FDC (60/30/50mg) tabs',	'drug',	70),
(427,	'GxqllPmPYDG',	'MOH 730A Zidovudine/Lamivudine/Nevirapine (AZT/3TC/NVP) FDC (60/30/50mg) tabs Date',	'MOH 730A',	'D-CDRR',	' Zidovudine/Lamivudine/Nevirapine (AZT/3TC/NVP) FDC (60/30/50mg) tabs Date',	'drug',	70),
(428,	'NQzz85r5JPD',	'MOH 730BA Abacavir (ABC) 300mg Tablets',	'MOH 730BA',	'F-CDRR_units',	' Abacavir (ABC) 300mg Tablets',	'drug',	1),
(429,	'ID6Aso4IXcZ',	'MOH 730BA Abacavir/Lamivudine (ABC/3TC) 120mg/60mg FDC Tablets',	'MOH 730BA',	'F-CDRR_units',	' Abacavir/Lamivudine (ABC/3TC) 120mg/60mg FDC Tablets',	'drug',	4),
(430,	'pZctFqRLi8W',	'MOH 730BA Abacavir/Lamivudine (ABC/3TC) 600mg/300mg FDC Tablets',	'MOH 730BA',	'F-CDRR_units',	' Abacavir/Lamivudine (ABC/3TC) 600mg/300mg FDC Tablets',	'drug',	3),
(431,	'F1W9V1jfIwf',	'MOH 730BA Abacavir/Lamivudine (ABC/3TC) 60mg/30mg FDC Tablets',	'MOH 730BA',	'F-CDRR_units',	' Abacavir/Lamivudine (ABC/3TC) 60mg/30mg FDC Tablets',	'drug',	2),
(432,	'q8sjZIlFs4J',	'MOH 730BA Acyclovir 400mg Tablets',	'MOH 730BA',	'F-CDRR_units',	' Acyclovir 400mg Tablets',	'drug',	5),
(433,	'RFWuUKeuciq',	'MOH 730BA Amphotericin B 50mg IV Injection',	'MOH 730BA',	'F-CDRR_units',	' Amphotericin B 50mg IV Injection',	'drug',	6),
(434,	'MNVBv62ijRX',	'MOH 730BA Atazanavir (ATV) 100mg Caps',	'MOH 730BA',	'F-CDRR_units',	' Atazanavir (ATV) 100mg Caps',	'drug',	7),
(435,	'MZgAjnphgsg',	'MOH 730BA Atazanavir/Ritonavir (ATV/r) 300/100mg Tablets',	'MOH 730BA',	'F-CDRR_units',	' Atazanavir/Ritonavir (ATV/r) 300/100mg Tablets',	'drug',	8),
(436,	'cWzuTozjBUb',	'MOH 730B Abacavir (ABC) 300mg Tabs',	'MOH 730B',	'unknown',	' Abacavir (ABC) 300mg Tabs',	'drug',	1),
(437,	'YAr4l09PkW3',	'MOH 730B Abacavir (ABC) 300mg Tabs Date',	'MOH 730B',	'unknown',	' Abacavir (ABC) 300mg Tabs Date',	'drug',	1),
(438,	'VRFyixZiNKq',	'MOH 730B Abacavir/Lamivudine (ABC/3TC) 60mg/30mg FDC Tabs',	'MOH 730B',	'unknown',	' Abacavir/Lamivudine (ABC/3TC) 60mg/30mg FDC Tabs',	'drug',	2),
(439,	'ICbjQb7r296',	'MOH 730B Abacavir/Lamivudine (ABC/3TC) 60mg/30mg FDC Tabs Date',	'MOH 730B',	'unknown',	' Abacavir/Lamivudine (ABC/3TC) 60mg/30mg FDC Tabs Date',	'drug',	2),
(440,	'TW2swzvuk6K',	'MOH 730BA Cotrimoxazole 960mg Tablets',	'MOH 730BA',	'F-CDRR_units',	' Cotrimoxazole 960mg Tablets',	'drug',	11),
(441,	'gFNHAyxeLks',	'MOH 730BA Cotrimoxazole suspension 240mg/5ml',	'MOH 730BA',	'F-CDRR_units',	' Cotrimoxazole suspension 240mg/5ml',	'drug',	10),
(442,	'fCU7NkQ7egO',	'MOH 730B Acyclovir 400mg Tabs',	'MOH 730B',	'unknown',	' Acyclovir 400mg Tabs',	'drug',	5),
(443,	'y0bdduT1pUf',	'MOH 730B Acyclovir 400mg Tabs Date',	'MOH 730B',	'unknown',	' Acyclovir 400mg Tabs Date',	'drug',	5),
(444,	'owvoPNua6Q1',	'MOH 730BA Dapsone 100mg Tablets',	'MOH 730BA',	'F-CDRR_units',	' Dapsone 100mg Tablets',	'drug',	13),
(445,	'jV9MuYZNb6l',	'MOH 730BA Darunavir (DRV) 150mg Tablets',	'MOH 730BA',	'F-CDRR_units',	' Darunavir (DRV) 150mg Tablets',	'drug',	17),
(446,	'vLBcMXH3ITC',	'MOH 730BA Darunavir (DRV) 600mg Tablets',	'MOH 730BA',	'F-CDRR_units',	' Darunavir (DRV) 600mg Tablets',	'drug',	15),
(447,	'VGti1UehUwX',	'MOH 730BA Darunavir (DRV) 75mg Tablets',	'MOH 730BA',	'F-CDRR_units',	' Darunavir (DRV) 75mg Tablets',	'drug',	18),
(448,	'wAkXhyTK5ug',	'MOH 730BA Darunavir (DRV) susp 100mg/ml \n(200ml Bottles)',	'MOH 730BA',	'F-CDRR_units',	' Darunavir (DRV) susp 100mg/ml \n(200ml Bottles)',	'drug',	21),
(449,	'EX8fzwmyfI7',	'MOH 730BA Dolutegravir(DTG) 50mg tabs',	'MOH 730BA',	'F-CDRR_units',	' Dolutegravir(DTG) 50mg tabs',	'drug',	25),
(450,	'I6KeyHpHPaI',	'MOH 730BA Efavirenz (EFV) 200mg Tablets',	'MOH 730BA',	'F-CDRR_units',	' Efavirenz (EFV) 200mg Tablets',	'drug',	27),
(451,	'Ao4QopHHGEk',	'MOH 730BA Efavirenz (EFV) 400mg Tablets',	'MOH 730BA',	'F-CDRR_units',	' Efavirenz (EFV) 400mg Tablets',	'drug',	28),
(452,	'LVNETa4jV2u',	'MOH 730BA Efavirenz (EFV) 600mg Tablets',	'MOH 730BA',	'F-CDRR_units',	' Efavirenz (EFV) 600mg Tablets',	'drug',	26),
(453,	'R3cZo5wqEJO',	'MOH 730BA Ethambutol 400mg Tab (for Pack of 28 tabs)',	'MOH 730BA',	'F-CDRR_units',	' Ethambutol 400mg Tab (for Pack of 28 tabs)',	'drug',	29),
(454,	'ARFq4oY3heY',	'MOH 730BA Etravirine (ETV) 100mg Tablets',	'MOH 730BA',	'F-CDRR_units',	' Etravirine (ETV) 100mg Tablets',	'drug',	31),
(455,	'PHm90uko7eq',	'MOH 730BA Etravirine (ETV) 200mg Tablets',	'MOH 730BA',	'F-CDRR_units',	' Etravirine (ETV) 200mg Tablets',	'drug',	30),
(456,	'CIl81MC1CxL',	'MOH 730BA Etravirine (ETV) 25mg Tablets',	'MOH 730BA',	'F-CDRR_units',	' Etravirine (ETV) 25mg Tablets',	'drug',	32),
(457,	'VgX1W96jMow',	'MOH 730BA Fluconazole 200mg Tablets',	'MOH 730BA',	'F-CDRR_units',	' Fluconazole 200mg Tablets',	'drug',	34),
(458,	'xOuDDwYj1Yw',	'MOH 730BA Fluconazole 50mg Tablets',	'MOH 730BA',	'F-CDRR_units',	' Fluconazole 50mg Tablets',	'drug',	33),
(459,	'jclt56IrD0J',	'MOH 730BA Isoniazid (H) 100mg Tablets',	'MOH 730BA',	'F-CDRR_units',	' Isoniazid (H) 100mg Tablets',	'drug',	35),
(460,	'LbpQwKhUFgf',	'MOH 730BA Isoniazid (H) 300mg Tabs (for Pack of 100 tabs)',	'MOH 730BA',	'F-CDRR_units',	' Isoniazid (H) 300mg Tabs (for Pack of 100 tabs)',	'drug',	37),
(461,	'KUVy8JTJHma',	'MOH 730BA Isoniazid (H) 300mg Tabs (for Pack of 672 tabs)',	'MOH 730BA',	'F-CDRR_units',	' Isoniazid (H) 300mg Tabs (for Pack of 672 tabs)',	'drug',	36),
(462,	'Iif81jdgAwp',	'MOH 730BA Lamivudine (3TC) 150mg Tablets',	'MOH 730BA',	'F-CDRR_units',	' Lamivudine (3TC) 150mg Tablets',	'drug',	38),
(463,	'bfehwWGgiWJ',	'MOH 730BA Lamivudine (3TC) liquid 10mg/ml \n(240ml Bottles)',	'MOH 730BA',	'F-CDRR_units',	' Lamivudine (3TC) liquid 10mg/ml \n(240ml Bottles)',	'drug',	39),
(464,	'lduCnun9ZJP',	'MOH 730BA Lopinavir/ritonavir (LPV/r) 200/50mg Tablets',	'MOH 730BA',	'F-CDRR_units',	' Lopinavir/ritonavir (LPV/r) 200/50mg Tablets',	'drug',	41),
(465,	'DLtximMysSs',	'MOH 730BA Lopinavir/ritonavir (LPV/r) 40/10mg Caps',	'MOH 730BA',	'F-CDRR_units',	' Lopinavir/ritonavir (LPV/r) 40/10mg Caps',	'drug',	40),
(466,	'MD5fubfNOMI',	'MOH 730BA Lopinavir/ritonavir (LPV/r) liquid 80/20mg/ml (60ml Bottles)',	'MOH 730BA',	'F-CDRR_units',	' Lopinavir/ritonavir (LPV/r) liquid 80/20mg/ml (60ml Bottles)',	'drug',	42),
(467,	'nfjDbwayZ4s',	'MOH 730B Amphotericin B 50mg IV Injection',	'MOH 730B',	'unknown',	' Amphotericin B 50mg IV Injection',	'drug',	6),
(468,	'WAzE2A426Pa',	'MOH 730B Amphotericin B 50mg IV Injection  Date',	'MOH 730B',	'unknown',	' Amphotericin B 50mg IV Injection  Date',	'drug',	6),
(469,	'PQBxN4inyLo',	'MOH 730BA Nevirapine (NVP) 200mg Tablets',	'MOH 730BA',	'F-CDRR_units',	' Nevirapine (NVP) 200mg Tablets',	'drug',	44),
(470,	'aSaopRmPuaz',	'MOH 730BA Nevirapine (NVP) Susp 10mg/ml \n(100 ml Bottles)',	'MOH 730BA',	'F-CDRR_units',	' Nevirapine (NVP) Susp 10mg/ml \n(100 ml Bottles)',	'drug',	43),
(471,	'AZZqUosplNX',	'MOH 730BA Pyrazinamide 500mg Tab (for Pack of 28 tabs)',	'MOH 730BA',	'F-CDRR_units',	' Pyrazinamide 500mg Tab (for Pack of 28 tabs)',	'drug',	46),
(472,	'EBquyc7eibs',	'MOH 730BA Pyridoxine 25mg Tabs',	'MOH 730BA',	'F-CDRR_units',	' Pyridoxine 25mg Tabs',	'drug',	47),
(473,	'QjNUILIPIGL',	'MOH 730BA Pyridoxine 50mg Tablets',	'MOH 730BA',	'F-CDRR_units',	' Pyridoxine 50mg Tablets',	'drug',	48),
(474,	'uM70qGs87WM',	'MOH 730BA Raltegravir (RAL) 100mg Tablets',	'MOH 730BA',	'F-CDRR_units',	' Raltegravir (RAL) 100mg Tablets',	'drug',	50),
(475,	'AYlM9Gs9D6i',	'MOH 730BA Raltegravir (RAL) 25mg Tablets',	'MOH 730BA',	'F-CDRR_units',	' Raltegravir (RAL) 25mg Tablets',	'drug',	51),
(476,	'iObZlGvkJDy',	'MOH 730BA Raltegravir (RAL) 400mg Tablets',	'MOH 730BA',	'F-CDRR_units',	' Raltegravir (RAL) 400mg Tablets',	'drug',	49),
(477,	'AwEvXiS8TXC',	'MOH 730BA Rifabutin 150mg Tab',	'MOH 730BA',	'F-CDRR_units',	' Rifabutin 150mg Tab',	'drug',	53),
(478,	'nQlkXyft9pb',	'MOH 730BA Ritonavir liquid 80mg/ml\n(90ml Bottles)',	'MOH 730BA',	'F-CDRR_units',	' Ritonavir liquid 80mg/ml\n(90ml Bottles)',	'drug',	54),
(479,	'K4wC1yrizQD',	'MOH 730BA Ritonavir (RTV) 100mg Tablets',	'MOH 730BA',	'F-CDRR_units',	' Ritonavir (RTV) 100mg Tablets',	'drug',	55),
(480,	'AqK0pDHRkop',	'MOH 730B Atazanavir/Ritonavir (ATV/r) 300/100mg tabs',	'MOH 730B',	'unknown',	' Atazanavir/Ritonavir (ATV/r) 300/100mg tabs',	'drug',	8),
(481,	'hSNTGjzfRyM',	'MOH 730B Atazanavir/Ritonavir (ATV/r) 300/100mg tabs Date',	'MOH 730B',	'unknown',	' Atazanavir/Ritonavir (ATV/r) 300/100mg tabs Date',	'drug',	8),
(482,	'cHlP8txIIr4',	'MOH 730BA Tenofovir/Emtricitabine (TDF/FTC) FDC (300/200mg) Tablets',	'MOH 730BA',	'F-CDRR_units',	' Tenofovir/Emtricitabine (TDF/FTC) FDC (300/200mg) Tablets',	'drug',	61),
(483,	'cv9SwH7B09P',	'MOH 730 BA Tenofovir/Lamivudine/Efavirenz (TDF/3TC/EFV) FDC (300/300/400mg) FDC Tablets',	'MOH 730BA',	'F-CDRR_units',	'MOH 730 BA Tenofovir/Lamivudine/Efavirenz (TDF/3TC/EFV) FDC (300/300/400mg) FDC Tablets',	'drug',	64),
(484,	'CM4fRYs6wGn',	'MOH 730BA Tenofovir/Lamivudine/Efavirenz (TDF/3TC/EFV) FDC (300/300/600mg) FDC Tablets',	'MOH 730BA',	'F-CDRR_units',	' Tenofovir/Lamivudine/Efavirenz (TDF/3TC/EFV) FDC (300/300/600mg) FDC Tablets',	'drug',	63),
(485,	'PWd1NaYM55x',	'MOH 730BA Tenofovir/Lamivudine (TDF/3TC) FDC (300/300mg) Tablets',	'MOH 730BA',	'F-CDRR_units',	' Tenofovir/Lamivudine (TDF/3TC) FDC (300/300mg) Tablets',	'drug',	62),
(486,	'yYUBDfyp10Y',	'MOH 730BA Tenofovir (TDF) 300mg Tablets',	'MOH 730BA',	'F-CDRR_units',	' Tenofovir (TDF) 300mg Tablets',	'drug',	60),
(487,	'CQY0y7k4IQy',	'MOH 730BA Zidovudine (AZT) liquid 10mg/ml \n(240ml Bottles)',	'MOH 730BA',	'F-CDRR_units',	' Zidovudine (AZT) liquid 10mg/ml \n(240ml Bottles)',	'drug',	66),
(488,	'IEURUdOXwmV',	'MOH 730BA Zidovudine/Lamivudine (AZT/3TC) FDC (300/150mg) Tablets',	'MOH 730BA',	'F-CDRR_units',	' Zidovudine/Lamivudine (AZT/3TC) FDC (300/150mg) Tablets',	'drug',	67),
(489,	'wYblxwrkbww',	'MOH 730BA Zidovudine/Lamivudine (AZT/3TC) FDC (60/30mg) Tablets',	'MOH 730BA',	'F-CDRR_units',	' Zidovudine/Lamivudine (AZT/3TC) FDC (60/30mg) Tablets',	'drug',	68),
(490,	'Tn9w6C5ilIr',	'MOH 730BA Zidovudine/Lamivudine/Nevirapine (AZT/3TC/NVP) FDC (300/150/200mg) Tablets',	'MOH 730BA',	'F-CDRR_units',	' Zidovudine/Lamivudine/Nevirapine (AZT/3TC/NVP) FDC (300/150/200mg) Tablets',	'drug',	69),
(491,	'S2KZ2vOtMqG',	'MOH 730Bb Abacavir (ABC) 300mg Tablets',	'MOH 730Bb',	'F-CDRR_packs',	' Abacavir (ABC) 300mg Tablets',	'drug',	1),
(492,	'f4OADZ9Kquk',	'MOH 730Bb Abacavir/Lamivudine (ABC/3TC) 120mg/60mg FDC Tablets',	'MOH 730Bb',	'F-CDRR_packs',	' Abacavir/Lamivudine (ABC/3TC) 120mg/60mg FDC Tablets',	'drug',	4),
(493,	'AwgTxUSzqUC',	'MOH 730Bb Abacavir/Lamivudine (ABC/3TC) 600mg/300mg FDC Tablets',	'MOH 730Bb',	'F-CDRR_packs',	' Abacavir/Lamivudine (ABC/3TC) 600mg/300mg FDC Tablets',	'drug',	3),
(494,	'C8KN5dtS8VQ',	'MOH 730Bb Abacavir/Lamivudine (ABC/3TC) 60mg/30mg FDC Tablets',	'MOH 730Bb',	'F-CDRR_packs',	' Abacavir/Lamivudine (ABC/3TC) 60mg/30mg FDC Tablets',	'drug',	2),
(495,	'VBdVpyjtO0j',	'MOH 730Bb Acyclovir 400mg Tablets',	'MOH 730Bb',	'F-CDRR_packs',	' Acyclovir 400mg Tablets',	'drug',	5),
(496,	'iikcycTNOjV',	'MOH 730Bb Amphotericin B 50mg IV Injection',	'MOH 730Bb',	'F-CDRR_packs',	' Amphotericin B 50mg IV Injection',	'drug',	6),
(497,	'ey5qp5UGV2m',	'MOH 730Bb Atazanavir (ATV) 100mg Caps',	'MOH 730Bb',	'F-CDRR_packs',	' Atazanavir (ATV) 100mg Caps',	'drug',	7),
(498,	'qDW73rHZxfl',	'MOH 730Bb Atazanavir/Ritonavir (ATV/r) 300/100mg Tablets',	'MOH 730Bb',	'F-CDRR_packs',	' Atazanavir/Ritonavir (ATV/r) 300/100mg Tablets',	'drug',	8),
(499,	'agMxUaooFAr',	'MOH 730Bb Cotrimoxazole 960mg Tablets',	'MOH 730Bb',	'F-CDRR_packs',	' Cotrimoxazole 960mg Tablets',	'drug',	11),
(500,	'IijXHJ5v7WU',	'MOH 730Bb Cotrimoxazole suspension 240mg/5ml',	'MOH 730Bb',	'F-CDRR_packs',	' Cotrimoxazole suspension 240mg/5ml',	'drug',	10),
(501,	'rsdUa9CkZKf',	'MOH 730Bb Dapsone 100mg Tablets',	'MOH 730Bb',	'F-CDRR_packs',	' Dapsone 100mg Tablets',	'drug',	13),
(502,	'g7iup80Hnwg',	'MOH 730Bb Darunavir (DRV) 150mg Tablets',	'MOH 730Bb',	'F-CDRR_packs',	' Darunavir (DRV) 150mg Tablets',	'drug',	17),
(503,	'R6qLGYDJQ3n',	'MOH 730Bb Darunavir (DRV) 600mg Tablets',	'MOH 730Bb',	'F-CDRR_packs',	' Darunavir (DRV) 600mg Tablets',	'drug',	15),
(504,	'mSxZ34vKrCe',	'MOH 730Bb Darunavir (DRV) 75mg Tablets',	'MOH 730Bb',	'F-CDRR_packs',	' Darunavir (DRV) 75mg Tablets',	'drug',	18),
(505,	'UJ8ciUZ1DYZ',	'MOH 730Bb Darunavir (DRV) susp 100mg/ml (200ml Bottles)',	'MOH 730Bb',	'F-CDRR_packs',	' Darunavir (DRV) susp 100mg/ml (200ml Bottles)',	'drug',	21),
(506,	'CS0pnrwMBUe',	'MOH 730Bb Dolutegravir(DTG) 50mg tabs',	'MOH 730Bb',	'F-CDRR_packs',	' Dolutegravir(DTG) 50mg tabs',	'drug',	25),
(507,	'fLY5T9o8Ctf',	'MOH 730Bb Efavirenz (EFV) 200mg Tablets',	'MOH 730Bb',	'F-CDRR_packs',	' Efavirenz (EFV) 200mg Tablets',	'drug',	27),
(508,	'dditvRhRqOD',	'MOH 730Bb Efavirenz (EFV) 400mg Tablets',	'MOH 730Bb',	'F-CDRR_packs',	' Efavirenz (EFV) 400mg Tablets',	'drug',	28),
(509,	'ZWClFgfYeMC',	'MOH 730Bb Efavirenz (EFV) 600mg Tablets',	'MOH 730Bb',	'F-CDRR_packs',	' Efavirenz (EFV) 600mg Tablets',	'drug',	26),
(510,	'dCiEjW9PRKo',	'MOH 730Bb Ethambutol 400mg Tab (for Pack of 28 tabs)',	'MOH 730Bb',	'F-CDRR_packs',	' Ethambutol 400mg Tab (for Pack of 28 tabs)',	'drug',	29),
(511,	'f83JUPhRKDu',	'MOH 730Bb Etravirine (ETV) 100mg Tablets',	'MOH 730Bb',	'F-CDRR_packs',	' Etravirine (ETV) 100mg Tablets',	'drug',	31),
(512,	'TUebNOdCyId',	'MOH 730Bb Etravirine (ETV) 200mg Tablets',	'MOH 730Bb',	'F-CDRR_packs',	' Etravirine (ETV) 200mg Tablets',	'drug',	30),
(513,	'LSyrwZ8Pp76',	'MOH 730Bb Etravirine (ETV) 25mg Tablets',	'MOH 730Bb',	'F-CDRR_packs',	' Etravirine (ETV) 25mg Tablets',	'drug',	32),
(514,	'qcKKe7b1WUE',	'MOH 730Bb Fluconazole 200mg Tablets',	'MOH 730Bb',	'F-CDRR_packs',	' Fluconazole 200mg Tablets',	'drug',	34),
(515,	'pEUR70ZQsaQ',	'MOH 730Bb Fluconazole 50mg Tablets',	'MOH 730Bb',	'F-CDRR_packs',	' Fluconazole 50mg Tablets',	'drug',	33),
(516,	'TSmv9Wdr1aI',	'MOH 730Bb Isoniazid (H) 100mg Tablets',	'MOH 730Bb',	'F-CDRR_packs',	' Isoniazid (H) 100mg Tablets',	'drug',	35),
(517,	'gBEqe8UOTiM',	'MOH 730Bb Isoniazid (H) 300mg Tabs (for Pack of 100 tabs)',	'MOH 730Bb',	'F-CDRR_packs',	' Isoniazid (H) 300mg Tabs (for Pack of 100 tabs)',	'drug',	37),
(518,	'lx3fhNXSzcD',	'MOH 730Bb Isoniazid (H) 300mg Tabs (for Pack of 672 tabs)',	'MOH 730Bb',	'F-CDRR_packs',	' Isoniazid (H) 300mg Tabs (for Pack of 672 tabs)',	'drug',	36),
(519,	'qTApULsS9zS',	'MOH 730Bb Lamivudine (3TC) 150mg Tablets',	'MOH 730Bb',	'F-CDRR_packs',	' Lamivudine (3TC) 150mg Tablets',	'drug',	38),
(520,	'TULZpTFtUOf',	'MOH 730Bb Lamivudine (3TC) liquid 10mg/ml (240ml Bottles)',	'MOH 730Bb',	'F-CDRR_packs',	' Lamivudine (3TC) liquid 10mg/ml (240ml Bottles)',	'drug',	39),
(521,	'QUigcVimUS8',	'MOH 730Bb Lopinavir/ritonavir (LPV/r) 200/50mg Tablets',	'MOH 730Bb',	'F-CDRR_packs',	' Lopinavir/ritonavir (LPV/r) 200/50mg Tablets',	'drug',	41),
(522,	'lXYCagaKyo4',	'MOH 730Bb Lopinavir/ritonavir (LPV/r) 40/10mg Caps',	'MOH 730Bb',	'F-CDRR_packs',	' Lopinavir/ritonavir (LPV/r) 40/10mg Caps',	'drug',	40),
(523,	'p4HkI3oDQ99',	'MOH 730Bb Lopinavir/ritonavir (LPV/r) liquid 80/20mg/ml (60ml Bottles)',	'MOH 730Bb',	'F-CDRR_packs',	' Lopinavir/ritonavir (LPV/r) liquid 80/20mg/ml (60ml Bottles)',	'drug',	42),
(524,	'uDyMf6obQnC',	'MOH 730Bb Nevirapine (NVP) 200mg Tablets',	'MOH 730Bb',	'F-CDRR_packs',	' Nevirapine (NVP) 200mg Tablets',	'drug',	44),
(525,	'yXjZMC6ntnP',	'MOH 730Bb Nevirapine (NVP) Susp 10mg/ml (100 ml Bottles)',	'MOH 730Bb',	'F-CDRR_packs',	' Nevirapine (NVP) Susp 10mg/ml (100 ml Bottles)',	'drug',	43),
(526,	'k5qnLrgDHqh',	'MOH 730Bb Pyrazinamide 500mg Tab (for Pack of 28 tabs)',	'MOH 730Bb',	'F-CDRR_packs',	' Pyrazinamide 500mg Tab (for Pack of 28 tabs)',	'drug',	46),
(527,	'pQf1aga1kAW',	'MOH 730Bb Pyridoxine 25mg Tabs',	'MOH 730Bb',	'F-CDRR_packs',	' Pyridoxine 25mg Tabs',	'drug',	47),
(528,	'ANXyMrutKQm',	'MOH 730Bb Pyridoxine 50mg Tablets',	'MOH 730Bb',	'F-CDRR_packs',	' Pyridoxine 50mg Tablets',	'drug',	48),
(529,	'i9AB1jw62mn',	'MOH 730Bb Raltegravir (RAL) 100mg Tablets',	'MOH 730Bb',	'F-CDRR_packs',	' Raltegravir (RAL) 100mg Tablets',	'drug',	50),
(530,	'Me7yDZ5mDuo',	'MOH 730Bb Raltegravir (RAL) 25mg Tablets',	'MOH 730Bb',	'F-CDRR_packs',	' Raltegravir (RAL) 25mg Tablets',	'drug',	51),
(531,	'mESFrObMpYX',	'MOH 730Bb Raltegravir (RAL) 400mg Tablets',	'MOH 730Bb',	'F-CDRR_packs',	' Raltegravir (RAL) 400mg Tablets',	'drug',	49),
(532,	'Qf6656TtDi1',	'MOH 730Bb Rifabutin 150mg Tab',	'MOH 730Bb',	'F-CDRR_packs',	' Rifabutin 150mg Tab',	'drug',	53),
(533,	'HdlndyEhTYg',	'MOH 730Bb Ritonavir liquid 80mg/ml(90ml Bottles)',	'MOH 730Bb',	'F-CDRR_packs',	' Ritonavir liquid 80mg/ml(90ml Bottles)',	'drug',	54),
(534,	'A2UJkJYQjwK',	'MOH 730Bb Ritonavir (RTV) 100mg Tablets',	'MOH 730Bb',	'F-CDRR_packs',	' Ritonavir (RTV) 100mg Tablets',	'drug',	55),
(535,	'HQpH1Zrxsgw',	'MOH 730Bb Tenofovir/Emtricitabine (TDF/FTC) FDC (300/200mg) Tablets',	'MOH 730Bb',	'F-CDRR_packs',	' Tenofovir/Emtricitabine (TDF/FTC) FDC (300/200mg) Tablets',	'drug',	61),
(536,	'ATX5ukTm5m7',	'MOH 730Bb Tenofovir/Lamivudine/Efavirenz (TDF/3TC/EFV) FDC (300/300/400mg) FDC Tablets',	'MOH 730Bb',	'F-CDRR_packs',	' Tenofovir/Lamivudine/Efavirenz (TDF/3TC/EFV) FDC (300/300/400mg) FDC Tablets',	'drug',	64),
(537,	'xnSp4BvpPjE',	'MOH 730Bb Tenofovir/Lamivudine/Efavirenz (TDF/3TC/EFV) FDC (300/300/600mg) FDC Tablets',	'MOH 730Bb',	'F-CDRR_packs',	' Tenofovir/Lamivudine/Efavirenz (TDF/3TC/EFV) FDC (300/300/600mg) FDC Tablets',	'drug',	63),
(538,	'knb8XGIPOjB',	'MOH 730Bb Tenofovir/Lamivudine (TDF/3TC) FDC (300/300mg) Tablets',	'MOH 730Bb',	'F-CDRR_packs',	' Tenofovir/Lamivudine (TDF/3TC) FDC (300/300mg) Tablets',	'drug',	62),
(539,	'iBz0NJ3JqpK',	'MOH 730Bb Tenofovir (TDF) 300mg Tablets',	'MOH 730Bb',	'F-CDRR_packs',	' Tenofovir (TDF) 300mg Tablets',	'drug',	60),
(540,	'RDJPQ1khQt8',	'MOH 730Bb Zidovudine (AZT) liquid 10mg/ml (240ml Bottles)',	'MOH 730Bb',	'F-CDRR_packs',	' Zidovudine (AZT) liquid 10mg/ml (240ml Bottles)',	'drug',	66),
(541,	'jOzbr6VL5sR',	'MOH 730Bb Zidovudine/Lamivudine (AZT/3TC) FDC (300/150mg) Tablets',	'MOH 730Bb',	'F-CDRR_packs',	' Zidovudine/Lamivudine (AZT/3TC) FDC (300/150mg) Tablets',	'drug',	67),
(542,	'yzzPWn2uqMR',	'MOH 730Bb Zidovudine/Lamivudine (AZT/3TC) FDC (60/30mg) Tablets',	'MOH 730Bb',	'F-CDRR_packs',	' Zidovudine/Lamivudine (AZT/3TC) FDC (60/30mg) Tablets',	'drug',	68),
(543,	'o8RrQiL4S0E',	'MOH 730Bb Zidovudine/Lamivudine/Nevirapine (AZT/3TC/NVP) FDC (300/150/200mg)Tablets',	'MOH 730Bb',	'F-CDRR_packs',	' Zidovudine/Lamivudine/Nevirapine (AZT/3TC/NVP) FDC (300/150/200mg)Tablets',	'drug',	69),
(544,	'oOr5be8u7IA',	'MOH 730Bb Zidovudine/Lamivudine/Nevirapine (AZT/3TC/NVP) FDC (60/30/50mg)Tablets',	'MOH 730Bb',	'F-CDRR_packs',	' Zidovudine/Lamivudine/Nevirapine (AZT/3TC/NVP) FDC (60/30/50mg)Tablets',	'drug',	70),
(545,	'HUgqq26kDtr',	'MOH 730B Cotrimoxazole 960mg Tabs (for Pack of 100 tabs)',	'MOH 730B',	'unknown',	' Cotrimoxazole 960mg Tabs (for Pack of 100 tabs)',	'drug',	11),
(546,	'ovVkkpUcWKY',	'MOH 730B Cotrimoxazole 960mg Tabs (for Pack of 100 tabs) Date',	'MOH 730B',	'unknown',	' Cotrimoxazole 960mg Tabs (for Pack of 100 tabs) Date',	'drug',	11),
(547,	'kys6ug1qM84',	'MOH 730B Cotrimoxazole 960mg Tabs (for Pack of 500 tabs)',	'MOH 730B',	'unknown',	' Cotrimoxazole 960mg Tabs (for Pack of 500 tabs)',	'drug',	12),
(548,	'FhCHloKWcrT',	'MOH 730B Cotrimoxazole 960mg Tabs (for Pack of 500 tabs) Date',	'MOH 730B',	'unknown',	' Cotrimoxazole 960mg Tabs (for Pack of 500 tabs) Date',	'drug',	12),
(549,	'Gy2ZzJ3KmeP',	'MOH 730B Cotrimoxazole Suspension 240mg/5ml',	'MOH 730B',	'unknown',	' Cotrimoxazole Suspension 240mg/5ml',	'drug',	10),
(550,	'yutSg0hjDZ0',	'MOH 730B Cotrimoxazole Suspension 240mg/5ml Date',	'MOH 730B',	'unknown',	' Cotrimoxazole Suspension 240mg/5ml Date',	'drug',	10),
(551,	'Ql68yXdB6hp',	'MOH 730B Dapsone 100mg Tabs (for Pack of 1000 tabs)',	'MOH 730B',	'unknown',	' Dapsone 100mg Tabs (for Pack of 1000 tabs)',	'drug',	13),
(552,	's6oFJnb2eDG',	'MOH 730B Dapsone 100mg Tabs (for Pack of 1000 tabs) Date',	'MOH 730B',	'unknown',	' Dapsone 100mg Tabs (for Pack of 1000 tabs) Date',	'drug',	13),
(553,	'eM1HEGwGk3v',	'MOH 730B Dapsone 100mg Tabs (for Pack of 100 tabs)',	'MOH 730B',	'unknown',	' Dapsone 100mg Tabs (for Pack of 100 tabs)',	'drug',	13),
(554,	'f9YgJV5oWXi',	'MOH 730B Dapsone 100mg Tabs (for Pack of 100 tabs) Date',	'MOH 730B',	'unknown',	' Dapsone 100mg Tabs (for Pack of 100 tabs) Date',	'drug',	13),
(555,	'FfZQ3UNST1x',	'MOH 730B Darunavir (DRV) 150mg Tabs (Pack of 240 tabs)',	'MOH 730B',	'unknown',	' Darunavir (DRV) 150mg Tabs (Pack of 240 tabs)',	'drug',	17),
(556,	'UpnXuqyeb6x',	'MOH 730B Darunavir (DRV) 150mg Tabs (Pack of 240 tabs) Date',	'MOH 730B',	'unknown',	' Darunavir (DRV) 150mg Tabs (Pack of 240 tabs) Date',	'drug',	17),
(557,	'OacLjYDR3Il',	'MOH 730B Darunavir (DRV) 600mg tabs',	'MOH 730B',	'unknown',	' Darunavir (DRV) 600mg tabs',	'drug',	15),
(558,	'swSIFTApMyv',	'MOH 730B Darunavir (DRV) 600mg tabs Date',	'MOH 730B',	'unknown',	' Darunavir (DRV) 600mg tabs Date',	'drug',	15),
(559,	'pZzARIwJbxo',	'MOH 730B Darunavir (DRV) 75mg Tabs (Pack of 480 tabs)',	'MOH 730B',	'unknown',	' Darunavir (DRV) 75mg Tabs (Pack of 480 tabs)',	'drug',	18),
(560,	'Yph33y0tBIp',	'MOH 730B Darunavir (DRV) 75mg Tabs (Pack of 480 tabs) Date',	'MOH 730B',	'unknown',	' Darunavir (DRV) 75mg Tabs (Pack of 480 tabs) Date',	'drug',	18),
(561,	'cn6LzRf2hyu',	'MOH 730B Darunavir (DRV) susp 100mg/ml',	'MOH 730B',	'unknown',	' Darunavir (DRV) susp 100mg/ml',	'drug',	21),
(562,	'qQQDIwx2yfZ',	'MOH 730B Darunavir (DRV) susp 100mg/ml Date',	'MOH 730B',	'unknown',	' Darunavir (DRV) susp 100mg/ml Date',	'drug',	21),
(563,	'WzN4siZiJPD',	'MOH 730B Diflucan 200mg Tabs',	'MOH 730B',	'unknown',	' Diflucan 200mg Tabs',	'drug',	24),
(564,	'xxjLyePaYow',	'MOH 730B Diflucan 200mg Tabs Date',	'MOH 730B',	'unknown',	' Diflucan 200mg Tabs Date',	'drug',	24),
(565,	'eKlDRNeQjyH',	'MOH 730B Diflucan IV Infusion 2mg/ml',	'MOH 730B',	'unknown',	' Diflucan IV Infusion 2mg/ml',	'drug',	22),
(566,	'U2xIwLc9slJ',	'MOH 730B Diflucan IV Infusion 2mg/ml Date',	'MOH 730B',	'unknown',	' Diflucan IV Infusion 2mg/ml Date',	'drug',	22),
(567,	'sYnSgRVCFYA',	'MOH 730B Diflucan Suspension 50mg/5ml',	'MOH 730B',	'unknown',	' Diflucan Suspension 50mg/5ml',	'drug',	23),
(568,	'wZFGVBB0S3z',	'MOH 730B Diflucan Suspension 50mg/5ml Date',	'MOH 730B',	'unknown',	' Diflucan Suspension 50mg/5ml Date',	'drug',	23),
(569,	'iPjFiQJ13HN',	'MOH 730B Efavirenz (EFV) 200mg Tabs',	'MOH 730B',	'unknown',	' Efavirenz (EFV) 200mg Tabs',	'drug',	27),
(570,	'PW7gM9OZfGh',	'MOH 730B Efavirenz (EFV) 200mg Tabs Date',	'MOH 730B',	'unknown',	' Efavirenz (EFV) 200mg Tabs Date',	'drug',	27),
(571,	'B8QWYS3EJqZ',	'MOH 730B Efavirenz (EFV) 600mg Tabs',	'MOH 730B',	'unknown',	' Efavirenz (EFV) 600mg Tabs',	'drug',	26),
(572,	'YQtDvlBgJr6',	'MOH 730B Efavirenz (EFV) 600mg Tabs Date',	'MOH 730B',	'unknown',	' Efavirenz (EFV) 600mg Tabs Date',	'drug',	26),
(573,	'Mf64ObujNcj',	'MOH 730B Etravirine (ETV) 100mg tabs',	'MOH 730B',	'unknown',	' Etravirine (ETV) 100mg tabs',	'drug',	31),
(574,	'CbkF2I7m6LM',	'MOH 730B Etravirine (ETV) 100mg tabs Date',	'MOH 730B',	'unknown',	' Etravirine (ETV) 100mg tabs Date',	'drug',	31),
(575,	'RLZg91zBBJu',	'MOH 730B Etravirine (ETV) 200mg tabs',	'MOH 730B',	'unknown',	' Etravirine (ETV) 200mg tabs',	'drug',	30),
(576,	'qmuoNoiODIr',	'MOH 730B Etravirine (ETV) 200mg tabs Date',	'MOH 730B',	'unknown',	' Etravirine (ETV) 200mg tabs Date',	'drug',	30),
(577,	'aNq0Dcj4SSu',	'MOH 730B Etravirine (ETV) 25mg tabs',	'MOH 730B',	'unknown',	' Etravirine (ETV) 25mg tabs',	'drug',	32),
(578,	'Os3FjA1oyw6',	'MOH 730B Etravirine (ETV) 25mg tabs Date',	'MOH 730B',	'unknown',	' Etravirine (ETV) 25mg tabs Date',	'drug',	32),
(579,	'U5fGoqB4cNy',	'MOH 730B Fluconazole 200mg Tabs',	'MOH 730B',	'unknown',	' Fluconazole 200mg Tabs',	'drug',	34),
(580,	'NPJP1kZEDLW',	'MOH 730B Fluconazole 200mg Tabs Date',	'MOH 730B',	'unknown',	' Fluconazole 200mg Tabs Date',	'drug',	34),
(581,	's7bYJGXvjD5',	'MOH 730B Isoniazid (H) 100mg tabs',	'MOH 730B',	'unknown',	' Isoniazid (H) 100mg tabs',	'drug',	35),
(582,	'XelxQuzrCci',	'MOH 730B Isoniazid (H) 100mg tabs Date',	'MOH 730B',	'unknown',	' Isoniazid (H) 100mg tabs Date',	'drug',	35),
(583,	'UVibZfH0On0',	'MOH 730B Isoniazid (H) 300mg Tabs (for Pack of 100 tabs)',	'MOH 730B',	'unknown',	' Isoniazid (H) 300mg Tabs (for Pack of 100 tabs)',	'drug',	37),
(584,	'gy4q1QqbJA0',	'MOH 730B Isoniazid (H) 300mg Tabs (for Pack of 100 tabs) Date',	'MOH 730B',	'unknown',	' Isoniazid (H) 300mg Tabs (for Pack of 100 tabs) Date',	'drug',	37),
(585,	'mrp5wgn0b1a',	'MOH 730B Isoniazid (H) 300mg Tabs (for Pack of 672 tabs)',	'MOH 730B',	'unknown',	' Isoniazid (H) 300mg Tabs (for Pack of 672 tabs)',	'drug',	36),
(586,	'uxpn29ZTktW',	'MOH 730B Isoniazid (H) 300mg Tabs (for Pack of 672 tabs) Date',	'MOH 730B',	'unknown',	' Isoniazid (H) 300mg Tabs (for Pack of 672 tabs) Date',	'drug',	36),
(587,	'Ps9oJAmKFkg',	'MOH 730B Lamivudine (3TC) 150mg Tabs',	'MOH 730B',	'unknown',	' Lamivudine (3TC) 150mg Tabs',	'drug',	38),
(588,	'Ea4JWhs7BBn',	'MOH 730B Lamivudine (3TC) 150mg Tabs Date',	'MOH 730B',	'unknown',	' Lamivudine (3TC) 150mg Tabs Date',	'drug',	38),
(589,	'doDTLd8jMF9',	'MOH 730B Lamivudine (3TC) liquid 10mg/ml',	'MOH 730B',	'unknown',	' Lamivudine (3TC) liquid 10mg/ml',	'drug',	39),
(590,	'eTgzApejsyJ',	'MOH 730B Lamivudine (3TC) liquid 10mg/ml Date',	'MOH 730B',	'unknown',	' Lamivudine (3TC) liquid 10mg/ml Date',	'drug',	39),
(591,	'fDZu3xtV92b',	'MOH 730B Lopinavir/ritonavir (LPV/r) 200/50mg Tabs',	'MOH 730B',	'unknown',	' Lopinavir/ritonavir (LPV/r) 200/50mg Tabs',	'drug',	41),
(592,	'Aa8jAE4yrjA',	'MOH 730B Lopinavir/ritonavir (LPV/r) 200/50mg Tabs Date',	'MOH 730B',	'unknown',	' Lopinavir/ritonavir (LPV/r) 200/50mg Tabs Date',	'drug',	41),
(593,	'YQX1UdOAzRq',	'MOH 730B Lopinavir/ritonavir (LPV/r) liquid 80/20mg/ml',	'MOH 730B',	'unknown',	' Lopinavir/ritonavir (LPV/r) liquid 80/20mg/ml',	'drug',	42),
(594,	'f9GS9woE80p',	'MOH 730B Lopinavir/ritonavir (LPV/r) liquid 80/20mg/ml Date',	'MOH 730B',	'unknown',	' Lopinavir/ritonavir (LPV/r) liquid 80/20mg/ml Date',	'drug',	42),
(595,	'PAmdoz5hPPQ',	'MOH 730B Nevirapine (NVP) 200mg Tabs',	'MOH 730B',	'unknown',	' Nevirapine (NVP) 200mg Tabs',	'drug',	44),
(596,	'kLSj5ZLAvLE',	'MOH 730B Nevirapine (NVP) 200mg Tabs Date',	'MOH 730B',	'unknown',	' Nevirapine (NVP) 200mg Tabs Date',	'drug',	44),
(597,	'DXeeHS2yDKf',	'MOH 730B Nevirapine (NVP) Susp 10mg/ml',	'MOH 730B',	'unknown',	' Nevirapine (NVP) Susp 10mg/ml',	'drug',	43),
(598,	'obQCaQB0QPY',	'MOH 730B Nevirapine (NVP) Susp 10mg/ml  Date',	'MOH 730B',	'unknown',	' Nevirapine (NVP) Susp 10mg/ml  Date',	'drug',	43),
(599,	'cKTjRDIAujO',	'MOH 730B Pyridoxine 25mg Tabs',	'MOH 730B',	'unknown',	' Pyridoxine 25mg Tabs',	'drug',	47),
(600,	'wi94MyNGJJT',	'MOH 730B Pyridoxine 25mg Tabs Date',	'MOH 730B',	'unknown',	' Pyridoxine 25mg Tabs Date',	'drug',	47),
(601,	'H0jATZHahed',	'MOH 730B Pyridoxine 50mg Tabs',	'MOH 730B',	'unknown',	' Pyridoxine 50mg Tabs',	'drug',	48),
(602,	'rwkxQVYPcBQ',	'MOH 730B Pyridoxine 50mg Tabs Date',	'MOH 730B',	'unknown',	' Pyridoxine 50mg Tabs Date',	'drug',	48),
(603,	'tUwIDx2oFjO',	'MOH 730B Raltegravir (RAL) 100mg tabs',	'MOH 730B',	'unknown',	' Raltegravir (RAL) 100mg tabs',	'drug',	50),
(604,	'ODUtOypfJkM',	'MOH 730B Raltegravir (RAL) 100mg tabs Date',	'MOH 730B',	'unknown',	' Raltegravir (RAL) 100mg tabs Date',	'drug',	50),
(605,	'L2IwQNujxtP',	'MOH 730B Raltegravir (RAL) 25mg tabs',	'MOH 730B',	'unknown',	' Raltegravir (RAL) 25mg tabs',	'drug',	51),
(606,	'ucdPsg9Fl4m',	'MOH 730B Raltegravir (RAL) 25mg tabs Date',	'MOH 730B',	'unknown',	' Raltegravir (RAL) 25mg tabs Date',	'drug',	51),
(607,	'knkLSijGwES',	'MOH 730B Raltegravir (RAL) 400mg tabs',	'MOH 730B',	'unknown',	' Raltegravir (RAL) 400mg tabs',	'drug',	49),
(608,	'WAPVv9pxM8U',	'MOH 730B Raltegravir (RAL) 400mg tabs Date',	'MOH 730B',	'unknown',	' Raltegravir (RAL) 400mg tabs Date',	'drug',	49),
(609,	'Bv08ScvBzZy',	'MoH 730B Revision 2017 Adult preparations Abacavir (ABC) 300mg Tablets 60s',	'MoH 730B',	'unknown',	' Revision 2017 Adult preparations Abacavir (ABC) 300mg Tablets 60s',	'drug',	1),
(610,	'WeA3sq0ELOE',	'MoH 730B Revision 2017 Adult preparations Abacavir/Lamivudine (ABC/3TC) 600mg/300mg FDC Tablets 60s',	'MoH 730B',	'unknown',	' Revision 2017 Adult preparations Abacavir/Lamivudine (ABC/3TC) 600mg/300mg FDC Tablets 60s',	'drug',	3),
(611,	'hnMei2LGuhw',	'MoH 730B Revision 2017 Adult preparations Atazanavir/Ritonavir (ATV/r) 300/100mg Tablets 30s',	'MoH 730B',	'unknown',	' Revision 2017 Adult preparations Atazanavir/Ritonavir (ATV/r) 300/100mg Tablets 30s',	'drug',	8),
(612,	'Lo1lUEHEXap',	'MoH 730B Revision 2017 Adult preparations Darunavir (DRV) 600mg Tablets 60s',	'MoH 730B',	'unknown',	' Revision 2017 Adult preparations Darunavir (DRV) 600mg Tablets 60s',	'drug',	15),
(613,	'Qr8Hx7Nl02R',	'MoH 730B Revision 2017 Adult preparations Dolutegravir(DTG) 50mg tabs 30s',	'MoH 730B',	'unknown',	' Revision 2017 Adult preparations Dolutegravir(DTG) 50mg tabs 30s',	'drug',	25),
(614,	'eeQ9f2aQHE2',	'MoH 730B Revision 2017 Adult preparations Efavirenz (EFV) 400mg Tablets 30s',	'MoH 730B',	'unknown',	' Revision 2017 Adult preparations Efavirenz (EFV) 400mg Tablets 30s',	'drug',	28),
(615,	'JfkxhCPe29t',	'MoH 730B Revision 2017 Adult preparations Efavirenz (EFV) 600mg Tablets 30s',	'MoH 730B',	'unknown',	' Revision 2017 Adult preparations Efavirenz (EFV) 600mg Tablets 30s',	'drug',	26),
(616,	'NRXgJMykiJq',	'MoH 730B Revision 2017 Adult preparations Etravirine (ETV) 200mg Tablets 60s',	'MoH 730B',	'unknown',	' Revision 2017 Adult preparations Etravirine (ETV) 200mg Tablets 60s',	'drug',	30),
(617,	'jC1clm8DHjU',	'MoH 730B Revision 2017 Adult preparations Lamivudine (3TC) 150mg Tablets 60s',	'MoH 730B',	'unknown',	' Revision 2017 Adult preparations Lamivudine (3TC) 150mg Tablets 60s',	'drug',	38),
(618,	'GjYg7sEHVAx',	'MoH 730B Revision 2017 Adult preparations Lopinavir/ritonavir (LPV/r) 200/50mg Tablets 120s',	'MoH 730B',	'unknown',	' Revision 2017 Adult preparations Lopinavir/ritonavir (LPV/r) 200/50mg Tablets 120s',	'drug',	41),
(619,	'Fo2gnhRx1eB',	'MoH 730B Revision 2017 Adult preparations Nevirapine (NVP) 200mg Tablets 60s',	'MoH 730B',	'unknown',	' Revision 2017 Adult preparations Nevirapine (NVP) 200mg Tablets 60s',	'drug',	44),
(620,	'dsZqocFWAqm',	'MoH 730B Revision 2017 Adult preparations Raltegravir (RAL) 400mg Tablets 60s',	'MoH 730B',	'unknown',	' Revision 2017 Adult preparations Raltegravir (RAL) 400mg Tablets 60s',	'drug',	49),
(621,	'FE6o5uZ6Ey3',	'MoH 730B Revision 2017 Adult preparations Ritonavir (RTV) 100mg Tablets 60s',	'MoH 730B',	'unknown',	' Revision 2017 Adult preparations Ritonavir (RTV) 100mg Tablets 60s',	'drug',	55),
(622,	'Ovk1BBcACSN',	'MoH 730B Revision 2017 Adult preparations Tenofovir/Emtricitabine (TDF/FTC) FDC (300/200mg) Tablets 30s',	'MoH 730B',	'unknown',	' Revision 2017 Adult preparations Tenofovir/Emtricitabine (TDF/FTC) FDC (300/200mg) Tablets 30s',	'drug',	61),
(623,	'YpjdjMD6yeC',	'MoH 730B Revision 2017 Adult preparations Tenofovir/Lamivudine/Dolutegravir (TDF/3TC/DTG) FDC (300/300/50mg) FDC Tablets 30s',	'MoH 730B',	'unknown',	' Revision 2017 Adult preparations Tenofovir/Lamivudine/Dolutegravir (TDF/3TC/DTG) FDC (300/300/50mg)',	'drug',	98),
(624,	'wJTbaU9jnf2',	'MoH 730B Revision 2017 Adult preparations Tenofovir/Lamivudine/Efavirenz (TDF/3TC/EFV) FDC (300/300/400mg) FDC Tablets 30s',	'MoH 730B',	'unknown',	' Revision 2017 Adult preparations Tenofovir/Lamivudine/Efavirenz (TDF/3TC/EFV) FDC (300/300/400mg) F',	'drug',	64),
(625,	'MtiBOPPd7Ke',	'MoH 730B Revision 2017 Adult preparations Tenofovir/Lamivudine/Efavirenz (TDF/3TC/EFV) FDC (300/300/600mg) FDC Tablets 30s',	'MoH 730B',	'unknown',	' Revision 2017 Adult preparations Tenofovir/Lamivudine/Efavirenz (TDF/3TC/EFV) FDC (300/300/600mg) F',	'drug',	63),
(626,	'VJMNX2JtVAL',	'MoH 730B Revision 2017 Adult preparations Tenofovir/Lamivudine (TDF/3TC) FDC (300/300mg) Tablets 30s',	'MoH 730B',	'unknown',	' Revision 2017 Adult preparations Tenofovir/Lamivudine (TDF/3TC) FDC (300/300mg) Tablets 30s',	'drug',	62),
(627,	'lMHWiV1wfzU',	'MoH 730B Revision 2017 Adult preparations Tenofovir (TDF) 300mg Tablets 30s',	'MoH 730B',	'unknown',	' Revision 2017 Adult preparations Tenofovir (TDF) 300mg Tablets 30s',	'drug',	60),
(628,	'L9VlZFQZGbv',	'MoH 730B Revision 2017 Adult preparations Zidovudine (AZT) 300mg Tablets 60s',	'MoH 730B',	'unknown',	' Revision 2017 Adult preparations Zidovudine (AZT) 300mg Tablets 60s',	'drug',	65),
(629,	'YUbsR6vuIVF',	'MoH 730B Revision 2017 Adult preparations Zidovudine/Lamivudine (AZT/3TC) FDC (300/150mg) Tablets 30s',	'MoH 730B',	'unknown',	' Revision 2017 Adult preparations Zidovudine/Lamivudine (AZT/3TC) FDC (300/150mg) Tablets 30s',	'drug',	67),
(630,	'ZPdNDKh0jtf',	'MoH 730B Revision 2017 Adult preparations Zidovudine/Lamivudine/Nevirapine (AZT/3TC/NVP) FDC (300/150/200mg) Tablets 60s',	'MoH 730B',	'unknown',	' Revision 2017 Adult preparations Zidovudine/Lamivudine/Nevirapine (AZT/3TC/NVP) FDC (300/150/200mg)',	'drug',	69),
(631,	'vBNVMx60V31',	'MoH 730B Revision 2017 Frosted  slides',	'MoH 730B',	'unknown',	' Revision 2017 Frosted  slides',	'drug',	0),
(632,	'ZYYcDSXFHcq',	'MoH 730B Revision 2017 Medicines for OIs Acyclovir 400mg Tablets 30s',	'MoH 730B',	'unknown',	' Revision 2017 Medicines for OIs Acyclovir 400mg Tablets 30s',	'drug',	5),
(633,	'Ywi6QrCf4wp',	'MoH 730B Revision 2017 Medicines for OIs Amphotericin B 50mg IV Injection  1 vial',	'MoH 730B',	'unknown',	' Revision 2017 Medicines for OIs Amphotericin B 50mg IV Injection  1 vial',	'drug',	6),
(634,	'uYwZjUIeoY2',	'MoH 730B Revision 2017 Medicines for OIs Cotrimoxazole 960mg Tablets 100s',	'MoH 730B',	'unknown',	' Revision 2017 Medicines for OIs Cotrimoxazole 960mg Tablets 100s',	'drug',	11),
(635,	'rS62iKZ6Idq',	'MoH 730B Revision 2017 Medicines for OIs Cotrimoxazole suspension 240mg/5ml  100ml bottle',	'MoH 730B',	'unknown',	' Revision 2017 Medicines for OIs Cotrimoxazole suspension 240mg/5ml  100ml bottle',	'drug',	10),
(636,	'bW4ekQmQCeb',	'MoH 730B Revision 2017 Medicines for OIs Dapsone 100mg Tablets 100s',	'MoH 730B',	'unknown',	' Revision 2017 Medicines for OIs Dapsone 100mg Tablets 100s',	'drug',	13),
(637,	'BHlhxD6Wjct',	'MoH 730B Revision 2017 Medicines for OIs Fluconazole 200mg Tablets 100s',	'MoH 730B',	'unknown',	' Revision 2017 Medicines for OIs Fluconazole 200mg Tablets 100s',	'drug',	34),
(638,	'T0j4amtuSwQ',	'MoH 730B Revision 2017 Medicines for OIs Fluconazole 50mg Tablets 100s',	'MoH 730B',	'unknown',	' Revision 2017 Medicines for OIs Fluconazole 50mg Tablets 100s',	'drug',	33),
(639,	'KnOB8nSo99l',	'MoH 730B Revision 2017 Paediatric preparations Abacavir/Lamivudine (ABC/3TC) 120mg/60mg FDC Tablets 30s',	'MoH 730B',	'unknown',	' Revision 2017 Paediatric preparations Abacavir/Lamivudine (ABC/3TC) 120mg/60mg FDC Tablets 30s',	'drug',	4),
(640,	'HTN8wtCULbh',	'MoH 730B Revision 2017 Paediatric preparations Abacavir/Lamivudine (ABC/3TC) 60mg/30mg FDC Tablets 60s',	'MoH 730B',	'unknown',	' Revision 2017 Paediatric preparations Abacavir/Lamivudine (ABC/3TC) 60mg/30mg FDC Tablets 60s',	'drug',	2),
(641,	'r3zeScG21hV',	'MoH 730B Revision 2017 Paediatric preparations Atazanavir (ATV) 100mg Caps 60s',	'MoH 730B',	'unknown',	' Revision 2017 Paediatric preparations Atazanavir (ATV) 100mg Caps 60s',	'drug',	7),
(642,	'Fmu24faR6RP',	'MoH 730B Revision 2017 Paediatric preparations Darunavir (DRV) 150mg Tablets 240s',	'MoH 730B',	'unknown',	' Revision 2017 Paediatric preparations Darunavir (DRV) 150mg Tablets 240s',	'drug',	17),
(643,	'YvUG4Tj5pBB',	'MoH 730B Revision 2017 Paediatric preparations Darunavir (DRV) 75mg Tablets 480s',	'MoH 730B',	'unknown',	' Revision 2017 Paediatric preparations Darunavir (DRV) 75mg Tablets 480s',	'drug',	18),
(644,	'Zp4GO6RalC3',	'MoH 730B Revision 2017 Paediatric preparations Darunavir (DRV) susp 100mg/ml  (200ml Bottles) 200ml bottle',	'MoH 730B',	'unknown',	' Revision 2017 Paediatric preparations Darunavir (DRV) susp 100mg/ml  (200ml Bottles) 200ml bottle',	'drug',	21),
(645,	'FWfv9nwqQNj',	'MoH 730B Revision 2017 Paediatric preparations Efavirenz (EFV) 200mg Tablets 90s',	'MoH 730B',	'unknown',	' Revision 2017 Paediatric preparations Efavirenz (EFV) 200mg Tablets 90s',	'drug',	27),
(646,	'CUkg2rMIBqV',	'MoH 730B Revision 2017 Paediatric preparations Etravirine (ETV) 100mg Tablets 60s',	'MoH 730B',	'unknown',	' Revision 2017 Paediatric preparations Etravirine (ETV) 100mg Tablets 60s',	'drug',	31),
(647,	'rj7yWKzevzK',	'MoH 730B Revision 2017 Paediatric preparations Etravirine (ETV) 25mg Tablets 60s',	'MoH 730B',	'unknown',	' Revision 2017 Paediatric preparations Etravirine (ETV) 25mg Tablets 60s',	'drug',	32),
(648,	'k820rGmrG7y',	'MoH 730B Revision 2017 Paediatric preparations Lamivudine (3TC) liquid 10mg/ml (240ml Bottles) 240ml bottle',	'MoH 730B',	'unknown',	' Revision 2017 Paediatric preparations Lamivudine (3TC) liquid 10mg/ml (240ml Bottles) 240ml bottle',	'drug',	39),
(649,	'bNwb0BQTiXu',	'MoH 730B Revision 2017 Paediatric preparations Lopinavir/ritonavir (LPV/r) 100/25mg Tabs 60s',	'MoH 730B',	'unknown',	' Revision 2017 Paediatric preparations Lopinavir/ritonavir (LPV/r) 100/25mg Tabs 60s',	'drug',	84),
(650,	'KPNtoZA2hVb',	'MoH 730B Revision 2017 Paediatric preparations Lopinavir/ritonavir (LPV/r) 40/10mg Caps 120s',	'MoH 730B',	'unknown',	' Revision 2017 Paediatric preparations Lopinavir/ritonavir (LPV/r) 40/10mg Caps 120s',	'drug',	40),
(651,	'GTqdnEoYWpl',	'MoH 730B Revision 2017 Paediatric preparations Lopinavir/ritonavir (LPV/r) liquid 80/20mg/ml (60ml Bottles) 60ml bottle',	'MoH 730B',	'unknown',	' Revision 2017 Paediatric preparations Lopinavir/ritonavir (LPV/r) liquid 80/20mg/ml (60ml Bottles) ',	'drug',	42),
(652,	'w96pwQ6povd',	'MoH 730B Revision 2017 Paediatric preparations Nevirapine (NVP) Susp 10mg/ml  (100 ml Bottles) 100ml bottle',	'MoH 730B',	'unknown',	' Revision 2017 Paediatric preparations Nevirapine (NVP) Susp 10mg/ml  (100 ml Bottles) 100ml bottle',	'drug',	43),
(653,	'rMpIsXAIBcN',	'MoH 730B Revision 2017 Paediatric preparations Raltegravir (RAL) 100mg Tablets 60s',	'MoH 730B',	'unknown',	' Revision 2017 Paediatric preparations Raltegravir (RAL) 100mg Tablets 60s',	'drug',	50),
(654,	'ynIttHBVTyK',	'MoH 730B Revision 2017 Paediatric preparations Raltegravir (RAL) 25mg Tablets 60s',	'MoH 730B',	'unknown',	' Revision 2017 Paediatric preparations Raltegravir (RAL) 25mg Tablets 60s',	'drug',	51),
(655,	'LdqZPGOt7px',	'MoH 730B Revision 2017 Paediatric preparations Ritonavir liquid 80mg/ml (90ml Bottles) 90ml bottle',	'MoH 730B',	'unknown',	' Revision 2017 Paediatric preparations Ritonavir liquid 80mg/ml (90ml Bottles) 90ml bottle',	'drug',	54),
(656,	'U3h59Gd6zNP',	'MoH 730B Revision 2017 Paediatric preparations Zidovudine (AZT) liquid 10mg/ml (240ml Bottles) 240ml bottle',	'MoH 730B',	'unknown',	' Revision 2017 Paediatric preparations Zidovudine (AZT) liquid 10mg/ml (240ml Bottles) 240ml bottle',	'drug',	66),
(657,	'cgSXbyWnsji',	'MoH 730B Revision 2017 Paediatric preparations Zidovudine/Lamivudine (AZT/3TC) FDC (60/30mg) Tablets 60s',	'MoH 730B',	'unknown',	' Revision 2017 Paediatric preparations Zidovudine/Lamivudine (AZT/3TC) FDC (60/30mg) Tablets 60s',	'drug',	68),
(658,	'CV5vmItEeGO',	'MoH 730B Revision 2017 Paediatric preparations Zidovudine/Lamivudine/Nevirapine (AZT/3TC/NVP) FDC (60/30/50mg) Tablets 60s',	'MoH 730B',	'unknown',	' Revision 2017 Paediatric preparations Zidovudine/Lamivudine/Nevirapine (AZT/3TC/NVP) FDC (60/30/50m',	'drug',	70),
(659,	'XYarFhtrZnM',	'MoH 730B Revision 2017 TB/ HIV DRUGS Ethambutol 400mg Tab (for Pack of 28 tabs) 28s',	'MoH 730B',	'unknown',	' Revision 2017 TB/ HIV DRUGS Ethambutol 400mg Tab (for Pack of 28 tabs) 28s',	'drug',	29),
(660,	'ow27FKynLOP',	'MoH 730B Revision 2017 TB/ HIV DRUGS Isoniazid (H) 100mg Tablets 100s',	'MoH 730B',	'unknown',	' Revision 2017 TB/ HIV DRUGS Isoniazid (H) 100mg Tablets 100s',	'drug',	35),
(661,	'hI5dsFlNwro',	'MoH 730B Revision 2017 TB/ HIV DRUGS Isoniazid (H) 10mg/ml (120ml Bottles) 120ml bottle',	'MoH 730B',	'unknown',	' Revision 2017 TB/ HIV DRUGS Isoniazid (H) 10mg/ml (120ml Bottles) 120ml bottle',	'drug',	95),
(662,	'bjqajaEgKDD',	'MoH 730B Revision 2017 TB/ HIV DRUGS Isoniazid (H) 300mg Tabs (for Pack of 100 tabs) 100s',	'MoH 730B',	'unknown',	' Revision 2017 TB/ HIV DRUGS Isoniazid (H) 300mg Tabs (for Pack of 100 tabs) 100s',	'drug',	37),
(663,	'ScMZvEURp0k',	'MoH 730B Revision 2017 TB/ HIV DRUGS Isoniazid (H) 300mg Tabs (for Pack of 672 tabs) 672s',	'MoH 730B',	'unknown',	' Revision 2017 TB/ HIV DRUGS Isoniazid (H) 300mg Tabs (for Pack of 672 tabs) 672s',	'drug',	36),
(664,	'rgrECRA0XVz',	'MoH 730B Revision 2017 TB/ HIV DRUGS Pyrazinamide 500mg Tab (for Pack of 28 tabs) 28s',	'MoH 730B',	'unknown',	' Revision 2017 TB/ HIV DRUGS Pyrazinamide 500mg Tab (for Pack of 28 tabs) 28s',	'drug',	46),
(665,	'noIMGcbffat',	'MoH 730B Revision 2017 TB/ HIV DRUGS Pyridoxine 25mg Tabs 100s',	'MoH 730B',	'unknown',	' Revision 2017 TB/ HIV DRUGS Pyridoxine 25mg Tabs 100s',	'drug',	47),
(666,	'nReJj3EEIHt',	'MoH 730B Revision 2017 TB/ HIV DRUGS Pyridoxine 50mg Tablets 100s',	'MoH 730B',	'unknown',	' Revision 2017 TB/ HIV DRUGS Pyridoxine 50mg Tablets 100s',	'drug',	48),
(667,	'gjOJC5nWO9W',	'MoH 730B Revision 2017 TB/ HIV DRUGS Rifabutin 150mg Tab 30s',	'MoH 730B',	'unknown',	' Revision 2017 TB/ HIV DRUGS Rifabutin 150mg Tab 30s',	'drug',	53),
(668,	'KC0hUg3FCmM',	'MOH 730B Ritonavir (RTV) 100mg tabs',	'MOH 730B',	'unknown',	' Ritonavir (RTV) 100mg tabs',	'drug',	56),
(669,	'W70CjpeCukc',	'MOH 730B Ritonavir (RTV) 100mg tabs Date',	'MOH 730B',	'unknown',	' Ritonavir (RTV) 100mg tabs Date',	'drug',	56),
(670,	'H6pU48yXxLu',	'MOH 730B Ritonavir (RTV) liquid 80mg/ml',	'MOH 730B',	'unknown',	' Ritonavir (RTV) liquid 80mg/ml',	'drug',	54),
(671,	'o3aZlhAieNv',	'MOH 730B Ritonavir (RTV) liquid 80mg/ml Date',	'MOH 730B',	'unknown',	' Ritonavir (RTV) liquid 80mg/ml Date',	'drug',	54),
(672,	'EIWAIlQBKU6',	'MOH 730B Tenofovir/Lamivudine/Efavirenz (TDF/3TC/EFV) FDC (300/300/600mg) Tabs',	'MOH 730B',	'unknown',	' Tenofovir/Lamivudine/Efavirenz (TDF/3TC/EFV) FDC (300/300/600mg) Tabs',	'drug',	63),
(673,	'McDPkbVYXCs',	'MOH 730B Tenofovir/Lamivudine/Efavirenz (TDF/3TC/EFV) FDC (300/300/600mg) Tabs Date',	'MOH 730B',	'unknown',	' Tenofovir/Lamivudine/Efavirenz (TDF/3TC/EFV) FDC (300/300/600mg) Tabs Date',	'drug',	63),
(674,	'yUt1DYxSUNy',	'MOH 730B Tenofovir/Lamivudine (TDF/3TC) FDC (300/300mg) Tabs',	'MOH 730B',	'unknown',	' Tenofovir/Lamivudine (TDF/3TC) FDC (300/300mg) Tabs',	'drug',	62),
(675,	'LNyWggeKGlO',	'MOH 730B Tenofovir/Lamivudine (TDF/3TC) FDC (300/300mg) Tabs Date',	'MOH 730B',	'unknown',	' Tenofovir/Lamivudine (TDF/3TC) FDC (300/300mg) Tabs Date',	'drug',	62),
(676,	'slIsNAnY5WS',	'MOH 730B Tenofovir (TDF) 300mg Tabs',	'MOH 730B',	'unknown',	' Tenofovir (TDF) 300mg Tabs',	'drug',	60),
(677,	'Ozo4WIFOyWz',	'MOH 730B Tenofovir (TDF) 300mg Tabs Date',	'MOH 730B',	'unknown',	' Tenofovir (TDF) 300mg Tabs Date',	'drug',	60),
(678,	'fFYWgW7OUjv',	'MOH 730B Zidovudine/Lamivudine (AZT/3TC) FDC (300/150mg) Tabs',	'MOH 730B',	'unknown',	' Zidovudine/Lamivudine (AZT/3TC) FDC (300/150mg) Tabs',	'drug',	67),
(679,	'ClLFTlOxj6d',	'MOH 730B Zidovudine/Lamivudine (AZT/3TC) FDC (300/150mg) Tabs Date',	'MOH 730B',	'unknown',	' Zidovudine/Lamivudine (AZT/3TC) FDC (300/150mg) Tabs Date',	'drug',	67),
(680,	'yJYXWEpLfcZ',	'MOH 730B Zidovudine/Lamivudine (AZT/3TC) FDC (60/30mg) Tabs',	'MOH 730B',	'unknown',	' Zidovudine/Lamivudine (AZT/3TC) FDC (60/30mg) Tabs',	'drug',	68),
(681,	'xVev2ctbvj7',	'MOH 730B Zidovudine/Lamivudine (AZT/3TC) FDC (60/30mg) Tabs Date',	'MOH 730B',	'unknown',	' Zidovudine/Lamivudine (AZT/3TC) FDC (60/30mg) Tabs Date',	'drug',	68),
(682,	'vVwNDHLP9NT',	'MOH 730B Zidovudine/Lamivudine/Nevirapine (AZT/3TC/NVP) FDC (300/150/200mg) Tabs',	'MOH 730B',	'unknown',	' Zidovudine/Lamivudine/Nevirapine (AZT/3TC/NVP) FDC (300/150/200mg) Tabs',	'drug',	69),
(683,	'Gn8YZBWNIeD',	'MOH 730B Zidovudine/Lamivudine/Nevirapine (AZT/3TC/NVP) FDC (300/150/200mg) Tabs Date',	'MOH 730B',	'unknown',	' Zidovudine/Lamivudine/Nevirapine (AZT/3TC/NVP) FDC (300/150/200mg) Tabs Date',	'drug',	69),
(684,	'C5WLL3Js7oC',	'MOH 730B Zidovudine/Lamivudine/Nevirapine(AZT/3TC/NVP) FDC (60/30/50mg) tabs',	'MOH 730B',	'unknown',	' Zidovudine/Lamivudine/Nevirapine(AZT/3TC/NVP) FDC (60/30/50mg) tabs',	'drug',	70),
(685,	'Zv3Et6wVj03',	'MOH 730B Zidovudine/Lamivudine/Nevirapine (AZT/3TC/NVP) FDC (60/30/50mg) tabs Date',	'MOH 730B',	'unknown',	' Zidovudine/Lamivudine/Nevirapine (AZT/3TC/NVP) FDC (60/30/50mg) tabs Date',	'drug',	70);

DROP TABLE IF EXISTS `tbl_line`;
CREATE TABLE `tbl_line` (
  `id` int(11) NOT NULL AUTO_INCREMENT,
  `name` varchar(10) NOT NULL,
  PRIMARY KEY (`id`),
  UNIQUE KEY `name` (`name`)
) ENGINE=InnoDB DEFAULT CHARSET=latin1;

INSERT INTO `tbl_line` (`id`, `name`) VALUES
(1,	'1st-Line'),
(2,	'2nd-Line'),
(3,	'3rd-Line'),
(4,	'Other');

DROP TABLE IF EXISTS `tbl_regimen`;
CREATE TABLE `tbl_regimen` (
  `id` int(11) NOT NULL AUTO_INCREMENT,
  `code` varchar(10) NOT NULL,
  `name` varchar(150) NOT NULL,
  `description` text NOT NULL,
  `category_id` int(11) NOT NULL,
  `service_id` int(11) NOT NULL,
  `line_id` int(11) NOT NULL,
  PRIMARY KEY (`id`),
  UNIQUE KEY `code` (`code`),
  KEY `category_id` (`category_id`),
  KEY `service_id` (`service_id`),
  KEY `line_id` (`line_id`),
  KEY `name` (`name`),
  CONSTRAINT `tbl_regimen_ibfk_1` FOREIGN KEY (`category_id`) REFERENCES `tbl_category` (`id`) ON DELETE CASCADE ON UPDATE CASCADE,
  CONSTRAINT `tbl_regimen_ibfk_2` FOREIGN KEY (`service_id`) REFERENCES `tbl_service` (`id`) ON DELETE CASCADE ON UPDATE CASCADE,
  CONSTRAINT `tbl_regimen_ibfk_3` FOREIGN KEY (`line_id`) REFERENCES `tbl_line` (`id`) ON DELETE CASCADE ON UPDATE CASCADE
) ENGINE=InnoDB DEFAULT CHARSET=latin1;

INSERT INTO `tbl_regimen` (`id`, `code`, `name`, `description`, `category_id`, `service_id`, `line_id`) VALUES
(1,	'AF1A',	'AZT + 3TC + NVP',	'Zidovudine + Lamivudine + Nevirapine',	1,	1,	1),
(2,	'AF1B',	'AZT + 3TC + EFV',	'Zidovudine + Lamivudine + Efavirenz',	1,	1,	1),
(3,	'AF2A',	'TDF + 3TC + NVP',	'Tenofovir + Lamivudine + Nevirapine',	1,	1,	1),
(4,	'AF2B',	'TDF + 3TC + EFV',	'Tenofovir + Lamivudine + Efavirenz',	1,	1,	1),
(5,	'AF3A',	'd4T + 3TC + NVP',	'Stavudine + Lamivudine + Nevirapine',	1,	1,	1),
(6,	'AF3B',	'd4T + 3TC + EFV',	'Stavudine + Lamivudine + Efavirenz',	1,	1,	1),
(7,	'AF4A',	'ABC + 3TC + NVP',	'Abacavir + Lamivudine + Nevirapine',	1,	1,	1),
(8,	'AF4B',	'ABC + 3TC + EFV',	'Abacavir + Lamivudine + Efavirenz',	1,	1,	1),
(9,	'AF5X',	'All other 1st line Adult regimens',	'Total of ALL OTHER Adult patients on 1st line regimens not listed above (coded and uncoded)',	1,	1,	1),
(10,	'AS1A',	'AZT + 3TC + LPV/r',	'Zidovudine + Lamivudine + Lopinavir/Ritonavir',	2,	1,	2),
(11,	'AS1B',	'AZT + 3TC + ATV/r',	'Zidovudine + Lamivudine + Atazanavir/Ritonavir',	2,	1,	2),
(12,	'AS2A',	'TDF + 3TC + LPV/r',	'Tenofovir + Lamivudine + Lopinavir/Ritonavir',	2,	1,	2),
(13,	'AS2C',	'TDF + 3TC + ATV/r',	'Tenofovir + Lamivudine + Atazanavir/Ritonavir',	2,	1,	2),
(14,	'AS5A',	'ABC + 3TC + LPV/r',	'Abacavir + Lamivudine + Lopinavir/Ritonavir',	2,	1,	2),
(15,	'AS5B',	'ABC + 3TC + ATV/r',	'Abacavir + Lamivudine + Atazanavir/Ritonavir',	2,	1,	2),
(16,	'AS6X',	'All other 2nd line Adult regimens',	'Total of ALL OTHER Adult patients on 2nd line regimens not listed above (coded and uncoded regimens)',	2,	1,	2),
(17,	'AT1A',	'RAL + 3TC + DRV + RTV',	'Raltegravir + Lamivudine + Darunavir + Ritonavir',	3,	1,	3),
(18,	'AT1B',	'RAL + 3TC + DRV + RTV + AZT',	'Raltegravir + Lamivudine + Darunavir + Ritonavir + Zidovudine',	3,	1,	3),
(19,	'AT1C',	'RAL + 3TC + DRV + RTV + TDF',	'Raltegravir + Lamivudine + Darunavir + Ritonavir + Tenofovir',	3,	1,	3),
(20,	'AT2A',	'ETV + 3TC + DRV + RTV',	'Etravirine + Lamivudine + Darunavir + Ritonavir',	3,	1,	3),
(21,	'AT2X',	'All other 3rd line Adult regimens',	'Total of ALL OTHER Adult patients on 3rd line regimens not listed above (coded and uncoded regimens)',	3,	1,	3),
(22,	'CF1A',	'AZT + 3TC + NVP',	'Zidovudine + Lamivudine + Nevirapine',	11,	1,	1),
(23,	'CF1B',	'AZT + 3TC + EFV',	'Zidovudine + Lamivudine + Efavirenz',	11,	1,	1),
(24,	'CF1C',	'AZT + 3TC + LPV/r',	'Zidovudine + Lamivudine + Lopinavir/Ritonavir ',	11,	1,	1),
(25,	'CF1D',	'AZT + 3TC + ATV/r',	'Zidovudine + Lamivudine + Atazanavir/Ritonavir ',	11,	1,	1),
(26,	'CF2A',	'ABC + 3TC + NVP',	'Abacavir + Lamivudine + Nevirapine',	11,	1,	1),
(27,	'CF2B',	'ABC + 3TC + EFV',	'Abacavir + Lamivudine + Efavirenz',	11,	1,	1),
(28,	'CF2D',	'ABC + 3TC + LPV/r',	'Abacavir + Lamivudine + Lopinavir/Ritonavir ',	11,	1,	1),
(29,	'CF2E',	'ABC + 3TC + ATV/r',	'Abacavir + Lamivudine + Atazanavir/Ritonavir',	11,	1,	1),
(30,	'CF3A',	'd4T + 3TC + NVP for children weighing >= 25kg',	'Stavudine + Lamivudine + Nevirapine',	11,	1,	1),
(31,	'CF3B',	'd4T + 3TC + EFV for children weighing >= 25kg',	'Stavudine + Lamivudine + Efavirenz',	11,	1,	1),
(32,	'CF4A',	'TDF + 3TC + NVP',	'Tenofovir + Lamivudine + Nevirapine',	11,	1,	1),
(33,	'CF4B',	'TDF + 3TC + EFV',	'Tenofovir + Lamivudine + Efavirenz',	11,	1,	1),
(34,	'CF4C',	'TDF + 3TC + LPV/r',	'Tenofovir + Lamivudine + Lopinavir/Ritonavir',	11,	1,	1),
(35,	'CF4D',	'TDF + 3TC + ATV/r',	'Tenofovir + Lamivudine + Atazanavir/Ritonavir',	11,	1,	1),
(36,	'CF5X',	'All other 1st line Paediatric regimens',	'Total of ALL OTHER Paediatric patients on 1st line regimens not listed above (coded and uncoded regimens)',	11,	1,	1),
(37,	'CM3N',	'New patients with CM on Diflucan (For Diflucan Donation Program ONLY)',	'Total number of New Patients / Clients on Diflucan - disaggregated by Cryptococcal meningitis (CM)',	8,	4,	4),
(38,	'CM3R',	'Revisit patients with CM on Diflucan (For Diflucan Donation Program ONLY)',	'Total number of Revisit Patients / Clients on Diflucan - disaggregated by Cryptococcal meningitis (CM)',	8,	4,	4),
(39,	'CS1A',	'AZT + 3TC + LPV/r',	'Zidovudine + Lamivudine + Lopinavir/Ritonavir ',	12,	1,	2),
(40,	'CS1B',	'AZT + 3TC + ATV/r',	'Zidovudine + Lamivudine + Atazanavir/Ritonavir ',	12,	1,	2),
(41,	'CS2A',	'ABC + 3TC + LPV/r',	'Abacavir + Lamivudine + Lopinavir/Ritonavir',	12,	1,	2),
(42,	'CS2C',	'ABC + 3TC + ATV/r',	'Abacavir + Lamivudine + Atazanavir/Ritonavir',	12,	1,	2),
(43,	'CS4X',	'All other 2nd line Paediatric regimens',	'Total of ALL OTHER Paediatric patients on 2nd line regimens not listed above (coded and uncoded regimens)',	12,	1,	2),
(44,	'CT1A',	'RAL + 3TC + DRV + RTV',	'Raltegravir + Lamivudine + Darunavir + Ritonavir',	13,	1,	3),
(45,	'CT1B',	'RAL + 3TC + DRV + RTV + AZT',	'Raltegravir + Lamivudine + Darunavir + Ritonavir + Zidovudine',	13,	1,	3),
(46,	'CT1C',	'RAL + 3TC + DRV + RTV + ABC',	'Raltegravir + Lamivudine + Darunavir + Ritonavir + Abacavir',	13,	1,	3),
(47,	'CT2A',	'ETV + 3TC + DRV + RTV',	'Etravirine + Lamivudine + Darunavir + Ritonavir',	13,	1,	3),
(48,	'CT3X',	'All other 3rd line Paediatric regimens',	'Total of ALL OTHER Paed patients on 3rd line regimens not listed above (coded and uncoded regimens)',	13,	1,	3),
(49,	'OC3N',	'New patients with OC on Diflucan (For Diflucan Donation Program ONLY)',	'Total number of New Patients / Clients on Diflucan - disaggregated by Oesophageal candidiasis (OC)',	8,	4,	4),
(50,	'OC3R',	'Revisit patients with OC on Diflucan (For Diflucan Donation Program ONLY)',	'Total number of Revisit Patients / Clients on Diflucan - disaggregated by Oesophageal candidiasis (OC)',	8,	4,	4),
(51,	'OI1A',	'Adult patients (=>15 Yrs) on Cotrimoxazole prophylaxis ',	'Total number of Adult Patients / Clients (ART plus Non-ART) on Cotrimoxazole prophylaxis',	5,	4,	4),
(52,	'OI1C',	'Paediatric patients (<15 Yrs) on Cotrimoxazole prophylaxis ',	'Total number of Paed Patients / Clients (ART plus Non-ART) on Cotrimoxazole prophylaxis',	5,	4,	4),
(53,	'OI2A',	'Adult patients (=>15 Yrs) on Dapsone prophylaxis ',	'Total number of Adult Patients / Clients (ART plus Non-ART) on Dapsone prophylaxis',	5,	4,	4),
(54,	'OI2C',	'Paediatric patients (<15 Yrs) on Dapsone prophylaxis ',	'Total number of Paed Patients / Clients (ART plus Non-ART) on Dapsone prophylaxis',	5,	4,	4),
(55,	'OI3A',	'Adult patients on Diflucan (For Diflucan Donation Program ONLY)',	'Total number of Adult Patients / Clients on Diflucan (For Diflucan Donation Program ONLY)2',	8,	4,	4),
(56,	'OI3C',	'Paed patients on Diflucan (For Diflucan Donation Program ONLY)',	'Total number of Paed Patients / Clients on Diflucan (For Diflucan Donation Program ONLY)3',	8,	4,	4),
(57,	'OI4A',	'Adult patients (=>15 Yrs) on Isoniazid prophylaxis ',	'Total number of Adult Patients / Clients (ART plus Non-ART) on Isoniazid prophylaxis',	6,	4,	4),
(58,	'OI4C',	'Paediatric patients (<15 Yrs) on Isoniazid prophylaxis ',	'Total number of Paed Patients / Clients (ART plus Non-ART) on Isoniazid prophylaxis',	6,	4,	4),
(59,	'PA1B',	'AZT + 3TC + LPV/r (Adult PEP)',	'Zidovudine + Lamivudine + Lopinavir/Ritonavir ',	14,	2,	4),
(60,	'PA1C',	'AZT + 3TC + ATV/r (Adult PEP)',	'Zidovudine + Lamivudine + Atazanavir/Ritonavir',	14,	2,	4),
(61,	'PA3B',	'TDF + 3TC + LPV/r (Adult PEP)',	'Tenofovir + Lamivudine + Lopinavir/Ritonavir',	14,	2,	4),
(62,	'PA3C',	'TDF + 3TC + ATV/r (Adult PEP)',	'Tenofovir + Lamivudine + Atazanavir/Ritonavir',	14,	2,	4),
(63,	'PA4X',	'All other PEP regimens for Adults',	'Total of ALL OTHER Adult PEP patients not listed above',	14,	2,	4),
(64,	'PC1',	'NVP OD up to 6 weeks of age for: (i) Infants born of mothers on HAART (Breastfeeding or not); (ii) ALL Non-Breastfeeding infants born of mothers not o',	'PMTCT for the Infant: Nevirapine syrup OD from Birth up to 6 weeks of age for: (i) Infants born of mothers on HAART (Breastfeeding or not); (ii) ALL Non-Breastfeeding infants born of mothers not on HAART',	16,	3,	4),
(65,	'PC1A',	'AZT + 3TC + LPV/r (Paed PEP)',	'Zidovudine + Lamivudine + Lopinavir/Ritonavir',	15,	2,	4),
(66,	'PC1X',	'All other PMTCT regimens for Infants',	'Total of ALL other PMTCT regimens for Infants not listed above (coded and uncoded regimens)',	16,	3,	4),
(67,	'PC2',	'NVP OD for Breastfeeding Infants until 1 week after complete cessation of Breastfeeding ',	'PMTCT for the Infant: Nevirapine syrup OD from Birth up to until 1 week after complete cessation of Breastfeeding (for Breastfeeding Infants)',	16,	3,	4),
(68,	'PC3A',	'ABC + 3TC + LPV/r (Paed PEP)',	'Abacavir + Lamivudine + Lopinavir/Ritonavir',	15,	2,	4),
(69,	'PC4X',	'All other PEP regimens for Children',	'Total of ALL OTHER Paed PEP patients not listed above',	15,	2,	4),
(70,	'PC6',	'NVP Liquid OD for 12 weeks ',	'PMTCT for the Infant: Nevirapine syrup OD for 12 weeks Nevirapine prophylaxis for infants whose mothers who start ART after 38 weeks gestation, delivery or immediate postpartum',	16,	3,	4),
(71,	'PM1',	'AZT 300mg BD (from week 14 to Delivery); then NVP 200mg stat + AZT 600mg stat (or 300mg BD) + 3TC 150mg BD during labour; then 1 tab of AZT/3TC 300mg/',	'PMTCT for the mother: Zidovudine 300mg BD (from week 14 to Delivery); then Nevirapine 200mg stat + Zidovudine 600mg stat (or 300mg BD) + Lamivudine 150mg BD during labour; then 1 tab of Zidovudine/Lamivudine 300mg/150mg BD for ONE week post-partum',	17,	3,	4),
(72,	'PM10',	'PMTCT HAART: AZT + 3TC + ATV/r',	'PMTCT HAART for the Mother: Zidovudine + Lamivudine + Atazanavir/Ritonavir',	17,	3,	4),
(73,	'PM11',	'PMTCT HAART: TDF + 3TC + ATV/r',	'PMTCT HAART for the Mother: Tenofovir + Lamivudine + Atazanavir/Ritonavir',	17,	3,	4),
(74,	'PM1X',	'All other PMTCT regimens for Women',	'Total of ALL other PMTCT regimens for Women not listed above (coded and uncoded regimens)',	17,	3,	4),
(75,	'PM2',	'NVP 200mg stat + AZT 600mg stat (or 300mg BD) + 3TC 150mg BD during labour; then 1 tab of AZT/3TC 300mg/150mg BD for one week post-partum',	'PMTCT for the mother: Nevirapine 200mg stat + Zidovudine 600mg stat (or 300mg BD) + Lamivudine 150mg BD during labour; then 1 tab of Zidovudine/Lamivudine 300mg/150mg BD for ONE week post-partum (for Women coming for first time when in Labour)',	17,	3,	4),
(76,	'PM3',	'PMTCT HAART: AZT + 3TC + NVP',	'PMTCT HAART for the Mother: Zidovudine + Lamivudine + Nevirapine',	17,	3,	4),
(77,	'PM4',	'PMTCT HAART: AZT + 3TC + EFV',	'PMTCT HAART for the Mother: Zidovudine + Lamivudine + Efavirenz',	17,	3,	4),
(78,	'PM5',	'PMTCT HAART: AZT + 3TC + LPV/r',	'PMTCT HAART for the Mother: Zidovudine + Lamivudine + Lopinavir/Ritonavir',	17,	3,	4),
(79,	'PM6',	'PMTCT HAART: TDF + 3TC + NVP',	'PMTCT HAART for the Mother: Tenofovir + Lamivudine + Nevirapine',	17,	3,	4),
(80,	'PM7',	'PMTCT HAART: TDF + 3TC + LPV/r',	'PMTCT HAART for the Mother: Tenofovir + Lamivudine + Lopinavir/Ritonavir   [For use by Pregnant women with less than 2 years NVP exposure and who never received the 3TC tail]',	17,	3,	4),
(81,	'PM9',	'PMTCT HAART: TDF + 3TC + EFV',	'PMTCT HAART for the Mother: Tenofovir + Lamivudine + Efavirenz',	17,	3,	4),
(82,	'PRP1A',	'TDF + FTC (PrEP)',	'Tenofovir + Emtricitabine ',	18,	5,	4),
(83,	'AF1D',	'AZT + 3TC + DTG',	'AZT + 3TC + DTG',	1,	1,	1),
(84,	'AF2D',	'TDF + 3TC + ATV/r',	'TDF + 3TC + ATV/r',	1,	1,	1),
(85,	'AF2E',	'TDF + 3TC + DTG',	'TDF + 3TC + DTG',	1,	1,	1),
(86,	'AF2F',	'TDF + 3TC + LPV/r (1L Adults <40kg)',	'TDF + 3TC + LPV/r (1L Adults <40kg)',	1,	1,	1),
(87,	'AF2G',	'TDF + 3TC + RAL (PWIDs intoIerant to ATV)',	'TDF + 3TC + RAL (PWIDs intoIerant to ATV)',	1,	1,	1),
(88,	'AF2H',	'TDF + FTC + ATV/r',	'TDF + FTC + ATV/r',	1,	1,	1),
(89,	'AF4C',	'ABC + 3TC + DTG',	'ABC + 3TC + DTG',	1,	1,	1),
(90,	'AT1D',	'RAL + DRV + RTV + ETV + other backbone ARVs',	'RAL + DRV + RTV + ETV + other backbone ARVs',	3,	1,	3),
(91,	'AT1E',	'RAL + ETV + other backbone ARVs',	'RAL + ETV + other backbone ARVs',	3,	1,	3),
(92,	'AT1F',	'RAL + DRV + RTV + other backbone ARVs',	'RAL + DRV + RTV + other backbone ARVs',	3,	1,	3),
(93,	'AT1G',	'RAL + other backbone ARVs (2nd Line patients failing treatment)',	'RAL + other backbone ARVs (2nd Line patients failing treatment)',	3,	1,	3),
(94,	'AT2B',	'ETV + other backbone ARVs',	'ETV + other backbone ARVs',	3,	1,	3),
(95,	'AT2C',	'ETV + DRV + RTV + other backbone ARVs',	'ETV + DRV + RTV + other backbone ARVs',	3,	1,	3),
(96,	'AT3A',	'DRV + RTV + other backbone ARVs',	'DRV + RTV + other backbone ARVs',	3,	1,	3),
(97,	'AT4A',	'DTG + DRV + RTV + ETV + other backbone ARVs',	'DTG + DRV + RTV + ETV + other backbone ARVs',	3,	1,	3),
(98,	'AT4B',	'DTG + ETV + other backbone ARVs',	'DTG + ETV + other backbone ARVs',	3,	1,	3),
(99,	'AT4C',	'DTG + DRV + RTV + other backbone ARVs',	'DTG + DRV + RTV + other backbone ARVs',	3,	1,	3),
(100,	'AT4D',	'DTG + other backbone ARVs (2nd Line patients failing treatment)',	'DTG + other backbone ARVs (2nd Line patients failing treatment)',	3,	1,	3),
(101,	'CF1E',	'AZT + 3TC + RAL',	'AZT + 3TC + RAL',	11,	1,	1),
(102,	'CF2F',	'ABC + 3TC + RAL',	'ABC + 3TC + RAL',	11,	1,	1),
(103,	'CT1D',	'RAL + DRV + RTV + ETV + other backbone ARVs',	'RAL + DRV + RTV + ETV + other backbone ARVs',	13,	1,	3),
(104,	'CT1E',	'RAL + ETV + other backbone ARVs',	'RAL + ETV + other backbone ARVs',	13,	1,	3),
(105,	'CT1F',	'RAL + DRV + RTV + other backbone ARVs',	'RAL + DRV + RTV + other backbone ARVs',	13,	1,	3),
(106,	'CT1G',	'RAL + other backbone ARVs',	'RAL + other backbone ARVs',	13,	1,	3),
(107,	'CT2B',	'ETV + other backbone ARVs',	'ETV + other backbone ARVs',	13,	1,	3),
(108,	'CT2C',	'ETV + DRV + RTV + other backbone ARVs',	'ETV + DRV + RTV + other backbone ARVs',	13,	1,	3),
(109,	'CT3A',	'DRV + RTV + other backbone ARVs',	'DRV + RTV + other backbone ARVs',	13,	1,	3),
(110,	'CT4A',	'DTG + DRV + RTV + ETV + other backbone ARVs',	'DTG + DRV + RTV + ETV + other backbone ARVs',	13,	1,	3),
(111,	'CT4B',	'DTG + ETV + other backbone ARVs',	'DTG + ETV + other backbone ARVs',	13,	1,	3),
(112,	'CT4C',	'DTG + DRV + RTV + other backbone ARVs',	'DTG + DRV + RTV + other backbone ARVs',	13,	1,	3),
(113,	'CT4D',	'DTG + other backbone ARVs',	'DTG + other backbone ARVs',	13,	1,	3),
(114,	'HPB1A',	'TDF + 3TC (HIV-ve HepB patients)',	'TDF + 3TC (HIV-ve HepB patients)',	4,	6,	4),
(115,	'HPB1B',	'TDF + FTC (HIV-ve HepB patients)',	'TDF + FTC (HIV-ve HepB patients)',	4,	6,	4),
(116,	'OI4AN',	'Adult patients (=>15 Yrs) newly started on IPT in the month',	'Adult patients (=>15 Yrs) newly started on IPT in the month',	7,	4,	4),
(117,	'OI4CN',	'Paed patients (<15 Yrs) newly started on IPT in the month',	'Paed patients (<15 Yrs) newly started on IPT in the month',	7,	4,	4),
(118,	'OI5A',	'Adult patients (=>15 Yrs) on Fluconazole in the month',	'Adult patients (=>15 Yrs) on Fluconazole in the month',	7,	4,	4),
(119,	'OI5C',	'Paed patients (<15 Yrs) on Fluconazole in the month',	'Paed patients (<15 Yrs) on Fluconazole in the month',	7,	4,	4),
(120,	'PC4',	'AZT Liquid BD for 6 weeks ',	'PMTCT for the Infant: Zidovudine syrup BD for 6 weeks (Alternative for infants on TB treatment or NVP toxicity)',	16,	3,	4),
(121,	'PC5',	'3TC Liquid BD',	'PMTCT for the Infant: Lamivudine syrup BD Infant Lamivudine prophylaxis for infants who cannot take NVP due to severe NVP toxicity (grade 3 or 4)/or if baby is on TB treatment with rifampicin containing regimen',	16,	3,	4),
(122,	'PC7',	'AZT liquid BID + NVP liquid OD for 6 weeks then NVP liquid OD for 6 weeks',	'AZT liquid BID + NVP liquid OD for 6 weeks then NVP liquid OD for 6 weeks',	16,	3,	4),
(123,	'PC8',	'AZT liquid BID + NVP liquid OD for 6 weeks then NVP liquid OD until 6 weeks after complete cessation of Breastfeeding (mother NOT on ART)',	'AZT liquid BID + NVP liquid OD for 6 weeks then NVP liquid OD until 6 weeks after complete cessation of Breastfeeding (mother NOT on ART)',	16,	3,	4),
(124,	'PC9',	'AZT liquid BID for 12 weeks',	'AZT liquid BID for 12 weeks',	16,	3,	4),
(125,	'PRP1B',	'TDF + 3TC (PrEP)',	'TDF + 3TC (PrEP)',	18,	5,	4),
(126,	'PRP1C',	'TDF (PrEP)',	'TDF (PrEP)',	18,	5,	4),
(127,	'AF1C',	'AZT + 3TC + ABC',	'Zidovudine + Lamivudine + Abacavir',	1,	1,	1),
(128,	'AF2C',	'TDF + 3TC + AZT',	'Tenofovir + Lamivudine + Zidovudine',	1,	1,	1),
(129,	'AF3C',	'd4T + 3TC + ABC',	'Stavudine + Lamivudine + Abacavir',	1,	1,	1),
(130,	'AS2B',	'TDF + ABC + LPV/r',	'Tenofovir + Abacavir + Lopinavir/Ritonavir',	2,	1,	2),
(131,	'PA1A',	'AZT + 3TC',	'Zidovudine + Lamivudine',	14,	2,	4),
(132,	'PA2A',	'd4T + 3TC',	'Stavudine + Lamivudine',	14,	2,	4),
(133,	'PA2B',	'd4T + 3TC + LPV/r',	'Stavudine + Lamivudine + Lopinavir/Ritonavir',	14,	2,	4),
(134,	'PA3A',	'TDF + 3TC',	'Tenofovir + Lamivudine1',	14,	2,	4),
(135,	'PM8',	'Nevirapine (NVP) Single Dose (SD) 200mg stat',	'Nevirapine (NVP) Single Dose (SD) 200mg stat',	17,	3,	4),
(136,	'PC2A',	'd4T + 3TC + LPV/r (Paed PEP Option 2)',	'Stavudine + Lamivudine + Lopinavir/Ritonavir',	15,	2,	4),
(137,	'PC3',	'NVP 2 mg/kg stat + AZT 4mg/kg bd for 6 weeks + 3TC 4mg/kg bd for 1 week',	'NVP 2 mg/kg stat + AZT 4mg/kg bd for 6 weeks + 3TC 4mg/kg bd for 1 week',	16,	3,	4),
(138,	'AS3A',	'ABC + 3TC + LPV/r',	'Abacavir + Lamivudine + Lopinavir/Ritonavir',	2,	1,	2),
(139,	'AS4A',	'd4T + 3TC + LPV/r ',	'Stavudine + Lamivudine + Lopinavir/Ritonavir',	2,	1,	2),
(140,	'CF2C',	'ABC + 3TC + AZT',	'Abacavir + Lamivudine + Zidovudine',	11,	1,	1),
(141,	'CS2B',	'ABC + ddI + LPV/r',	'Abacavir + Didanosine + Lopinavir/Ritonavir',	12,	1,	2),
(142,	'CS3A',	'd4T + 3TC + LPV/r',	'Stavudine + Lamivudine + Lopinavir/Ritonavir',	12,	1,	2),
(143,	'AS3B',	'ABC + ddI + LPV/r',	'Abacavir + Didanosine + Lopinavir/Ritonavir',	2,	1,	2);

DROP TABLE IF EXISTS `tbl_service`;
CREATE TABLE `tbl_service` (
  `id` int(11) NOT NULL AUTO_INCREMENT,
  `name` varchar(20) NOT NULL,
  `column_name` varchar(20) NOT NULL,
  PRIMARY KEY (`id`),
  UNIQUE KEY `name` (`name`)
) ENGINE=InnoDB DEFAULT CHARSET=latin1;

INSERT INTO `tbl_service` (`id`, `name`, `column_name`) VALUES
(1,	'ART', 'art'),
(6,	'HepB', 'hep_b'),
(4,	'OI Only', 'oi_only'),
(2,	'PEP', 'pep'),
(3,	'PMTCT', 'pmtct'),
(5,	'PrEP', 'prep');


DROP TABLE IF EXISTS `d_regimen_totals`;
CREATE TABLE `d_regimen_totals` (
  `id` int(11) UNSIGNED NOT NULL AUTO_INCREMENT,
  `facility` int(10) UNSIGNED DEFAULT 0,
  `year` smallint(4) UNSIGNED DEFAULT 0,
  `month` tinyint(3) UNSIGNED DEFAULT 0,
  `financial_year` smallint(4) UNSIGNED DEFAULT 0,
  `quarter` tinyint(3) UNSIGNED DEFAULT 0,
  `art` int(10) DEFAULT NULL,
  `pmtct` int(10) DEFAULT NULL,
  `pep` int(10) DEFAULT NULL,
  `prep` int(10) DEFAULT NULL,
  `oi_only` int(10) DEFAULT NULL,
  `hep_b` int(10) DEFAULT NULL,
  `dateupdated` date DEFAULT NULL,
  PRIMARY KEY (`id`),
  KEY `identifier`(`facility`, `year`, `month`),
  KEY `identifier_other`(`facility`, `financial_year`, `quarter`),
  KEY `facility` (`facility`),
  KEY `specific_time` (`year`, `month`),
  KEY `specific_period` (`financial_year`, `quarter`)
) ENGINE=InnoDB DEFAULT CHARSET=latin1;

CREATE OR REPLACE VIEW  `view_regimen_dhis` AS
(
    SELECT d.*, r.category_id, r.service_id, r.line_id, s.name as service, s.column_name

    FROM tbl_dhis_elements d
    LEFT JOIN tbl_regimen r ON d.target_id=r.id
    LEFT JOIN tbl_service s ON r.service_id=s.id

    WHERE d.target_category='regimen' AND d.target_report='F-MAPS' AND d.target_name LIKE '%facility%'
);

CREATE OR REPLACE VIEW  `view_dmap_regimen_dhis` AS
(
    SELECT d.*, r.category_id, r.service_id, r.line_id, s.name as service, s.column_name

    FROM tbl_dhis_elements d
    LEFT JOIN tbl_regimen r ON d.target_id=r.id
    LEFT JOIN tbl_service s ON r.service_id=s.id

    WHERE d.target_category='regimen' AND d.dhis_report LIKE '%729A%'
);

-- 2018-08-17 12:52:09
