"County","Subcounty","MFL Code","Partner","Facility","Financial Year","Week Number","Start Date","End Date","HTS Tested","HTS Positive","TX NEW","PMTCT"
"Kiambu","Lari","10610","Afya Kamilisha","Kimende Orthodox Dispensary","2020","33","2020-05-10","2020-05-16","0","0","0","0"
"Kirinyaga","Kirinyaga Central","16386","Afya Kamilisha","Gatuto Dispensary","2020","33","2020-05-10","2020-05-16","0","0","0","0"
"Kirinyaga","Kirinyaga South","10766","Afya Kamilisha","Mumbuini Dispensary","2020","33","2020-05-10","2020-05-16","0","0","0","0"
"Kirinyaga","Kirinyaga North/Mwea West","10873","Afya Kamilisha","Nguka Dispensary","2020","33","2020-05-10","2020-05-16","0","0","0","0"
"Muranga","Mathioya","10627","Afya Kamilisha","Kiria-ini Mission Hospital","2020","33","2020-05-10","2020-05-16","80","15","1","46"
"Muranga","Kandara","10199","Afya Kamilisha","Gaichanjiru Hospital","2020","33","2020-05-10","2020-05-16","59","3","0","16"
"Muranga","Muranga South","10512","Aphia Plus HCM","Kenol Hospital","2020","33","2020-05-10","2020-05-16","31","9","0","18"
"Muranga","Kigumo","10588","Afya Kamilisha","Kigumo Sub County Hospital (Kigumo)","2020","33","2020-05-10","2020-05-16","71","26","2","38"
"Muranga","Muranga South","10674","Afya Kamilisha","Makuyu Health Centre","2020","33","2020-05-10","2020-05-16","95","16","1","37"
"Muranga","Muranga South","10686","Afya Kamilisha","Maragua District Hospital","2020","33","2020-05-10","2020-05-16","277","62","0","109"
"Muranga","Kigumo","10987","Afya Kamilisha","Sabasaba Sub-Health Centre","2020","33","2020-05-10","2020-05-16","116","38","1","63"
"Nyandarua","Ndaragwa","10043","Afya Kamilisha","Baari Dispensary","2020","33","2020-05-10","2020-05-16","32","0","0","0"
"Nyandarua","Ndaragwa","10419","Afya Kamilisha","Kahembe Dispensary","2020","33","2020-05-10","2020-05-16","36","1","0","6"
"Nyandarua","Olkalou","10732","Afya Kamilisha","Mirangine Health Centre","2020","33","2020-05-10","2020-05-16","72","1","1","13"
"Nyandarua","Ndaragwa","10829","Afya Kamilisha","Ndaragwa Health Centre","2020","33","2020-05-10","2020-05-16","79","4","5","13"
"Nyandarua","Oljoroorok","10856","Afya Kamilisha","Ngano Health Centre","2020","33","2020-05-10","2020-05-16","24","1","1","6"
"Nyandarua","Olkalou","10871","Afya Kamilisha","Ngorika Dispensary","2020","33","2020-05-10","2020-05-16","35","1","1","6"
"Nyandarua","Ndaragwa","10911","Afya Kamilisha","Olborosat Dispensary","2020","33","2020-05-10","2020-05-16","26","1","1","0"
"Nyandarua","Ndaragwa","11004","Afya Kamilisha","Shamata Dispensary","2020","33","2020-05-10","2020-05-16","32","0","0","8"
"Nyandarua","Ndaragwa","11009","Afya Kamilisha","Silibwet Dispensary (Nyandarua North)","2020","33","2020-05-10","2020-05-16","38","2","0","9"
"Nyandarua","Ndaragwa","11076","Afya Kamilisha","Subuku Dispensary (Nyandarua North)","2020","33","2020-05-10","2020-05-16","0","0","0","0"
"Nyandarua","Kinangop","10044","Afya Kamilisha","Bamboo Dispensary","2020","33","2020-05-10","2020-05-16","24","2","2","0"
"Nyandarua","Kipipiri","10244","Afya Kamilisha","Geta Bush Dispensary","2020","33","2020-05-10","2020-05-16","24","0","0","6"
"Nyandarua","Kinangop","10481","Afya Kamilisha","Karangatha Health Centre","2020","33","2020-05-10","2020-05-16","0","0","0","0"
"Nyandarua","Kipipiri","10681","Afya Kamilisha","Manunga Dispensary","2020","33","2020-05-10","2020-05-16","54","6","1","22"
"Nyandarua","Kinangop","10786","Afya Kamilisha","Murungaru Dispensary","2020","33","2020-05-10","2020-05-16","37","4","0","9"
"Nyandarua","Kipipiri","10832","Afya Kamilisha","Ndemi Dispensary","2020","33","2020-05-10","2020-05-16","0","0","0","0"
"Nyandarua","Kipipiri","11173","Afya Kamilisha","Wanjohi Health Centre","2020","33","2020-05-10","2020-05-16","37","2","2","5"
"Nyandarua","Kinangop","11183","Afya Kamilisha","Weru Dispensary (Nyandarua South)","2020","33","2020-05-10","2020-05-16","0","0","0","0"
"Nyeri","Mathira West","10360","Afya Kamilisha","Itiati Dispensary","2020","33","2020-05-10","2020-05-16","0","0","0","0"
"Nyeri","Kieni West","10700","Afya Kamilisha","Mary Immaculate Hospital (Nyeri North)","2020","33","2020-05-10","2020-05-16","0","0","0","0"
"Nyeri","Kieni East","16816","Afya Kamilisha","Narumoru Catholic Dispensary","2020","33","2020-05-10","2020-05-16","0","0","0","0"
"Nyeri","Nyeri Central","10582","Afya Kamilisha","Kiganjo Health Centre","2020","33","2020-05-10","2020-05-16","0","0","0","0"
"Nyeri","Nyeri Central","10924","Afya Kamilisha","Outspan Hospital","2020","33","2020-05-10","2020-05-16","0","0","0","0"
"Muranga","Gatanga","10020","Afya Kamilisha","AIPCA Gituamba Dispensary","2020","33","2020-05-10","2020-05-16","33","2","0","2"
"Kiambu","Thika Town","16756","Aphia Plus HCM","Family Health Options Clinic","2020","33","2020-05-10","2020-05-16","0","0","0","0"
"Muranga","Gatanga","10357","Afya Kamilisha","Ithanga Dispensary","2020","33","2020-05-10","2020-05-16","66","1","0","13"
"Muranga","Gatanga","10863","Afya Kamilisha","Ngelelya Dispensary","2020","33","2020-05-10","2020-05-16","29","1","0","1"
"Kiambu","Ruiru","10974","Aphia Plus HCM","Ruiru Hospital Limited","2020","33","2020-05-10","2020-05-16","0","0","0","0"
"Kilifi","Kaloleni","11404","AfyaPwani","Gotani Dispensary","2020","33","2020-05-10","2020-05-16","45","2","2","18"
"Kilifi","Kaloleni","11566","AfyaPwani","Mariakani District Hospital","2020","33","2020-05-10","2020-05-16","124","1","1","21"
"Kilifi","Rabai","11748","AfyaPwani","Rabai Health Centre","2020","33","2020-05-10","2020-05-16","56","0","0","22"
"Kilifi","Ganze","11237","AfyaPwani","Bamba Health Centre","2020","33","2020-05-10","2020-05-16","49","7","1","34"
"Kilifi","Kilifi South","11282","AfyaPwani","Chasimba H/C","2020","33","2020-05-10","2020-05-16","43","1","1","19"
"Kilifi","Ganze","11383","AfyaPwani","Ganze Dispensary","2020","33","2020-05-10","2020-05-16","43","16","1","24"
"Kilifi","Kilifi North","11474","AfyaPwani","Kilifi District Hospital","2020","33","2020-05-10","2020-05-16","183","5","4","39"
"Kilifi","Kilifi North","11580","AfyaPwani","Matsangoni Dispensary","2020","33","2020-05-10","2020-05-16","93","18","3","32"
"Kilifi","Kilifi North","11667","AfyaPwani","Mtondia Dispensary","2020","33","2020-05-10","2020-05-16","57","10","1","23"
"Kilifi","Kilifi South","11672","AfyaPwani","Mtwapa Dispensary","2020","33","2020-05-10","2020-05-16","167","2","0","48"
"Kilifi","Kilifi South","11673","Aphia Plus HCM","Mtwapa Nursing Home","2020","33","2020-05-10","2020-05-16","0","0","0","0"
"Kilifi","Kilifi North","11713","AfyaPwani","Ngerenya Dispensary","2020","33","2020-05-10","2020-05-16","15","0","0","11"
"Kilifi","Kilifi South","11881","AfyaPwani","Vipingo Health Centre","2020","33","2020-05-10","2020-05-16","64","21","1","47"
"Kilifi","Kilifi North","11891","Aphia Plus HCM","Wananchi Nursing Home","2020","33","2020-05-10","2020-05-16","0","0","0","0"
"Kilifi","Kilifi South","11912","AfyaPwani","Oasis Medical Centre ","2020","33","2020-05-10","2020-05-16","0","0","0","0"
"Mombasa","Changamwe","11254","AfyaPwani","Bokole CDF Dispensary","2020","33","2020-05-10","2020-05-16","46","15","2","39"
"Mombasa","Mvita","11273","AfyaPwani","Ganjoni Clinic","2020","33","2020-05-10","2020-05-16","0","0","0","0"
"Mombasa","Changamwe","11274","AfyaPwani","Chaani (MCM) Dispensary ","2020","33","2020-05-10","2020-05-16","46","13","2","26"
"Mombasa","Jomvu","11436","AfyaPwani","JOMVU MODEL HEALTH CENTRE","2020","33","2020-05-10","2020-05-16","99","53","1","76"
"Mombasa","Likoni","11520","AfyaPwani","Likoni Catholic Medical Clinic","2020","33","2020-05-10","2020-05-16","23","10","2","9"
"Mombasa","Likoni","11522","AfyaPwani","Likoni Sub-District Hospital","2020","33","2020-05-10","2020-05-16","156","61","4","93"
"Mombasa","Changamwe","11538","AfyaPwani","Magongo Health Centre","2020","33","2020-05-10","2020-05-16","65","18","2","43"
"Mombasa","Jomvu","11613","AfyaPwani","Mikindani MCM ","2020","33","2020-05-10","2020-05-16","54","15","1","23"
"Mombasa","Jomvu","11615","Aphia Plus HCM","Mikindani Medical Clinic","2020","33","2020-05-10","2020-05-16","0","0","0","0"
"Mombasa","Jomvu","11620","AfyaPwani","Miritini CDF Dispensary","2020","33","2020-05-10","2020-05-16","71","32","1","59"
"Mombasa","Changamwe","11740","AfyaPwani","Port Reitz District Hospital","2020","33","2020-05-10","2020-05-16","118","31","3","51"
"Mombasa","Likoni","11771","Aphia Plus HCM","Sau Health Services","2020","33","2020-05-10","2020-05-16","0","0","0","0"
"Mombasa","Likoni","11785","AfyaPwani","Shika Adabu Dispensary","2020","33","2020-05-10","2020-05-16","40","1","1","22"
"Kwale","Kinango","11480","AfyaPwani","Kinango Hospital","2020","33","2020-05-10","2020-05-16","71","6","2","16"
"Kwale","Kinango","11531","AfyaPwani","Mackinon Road Dispensary","2020","33","2020-05-10","2020-05-16","35","1","1","11"
"Kwale","Kinango","11585","AfyaPwani","Mazeras Dispensary","2020","33","2020-05-10","2020-05-16","33","5","1","14"
"Kwale","Kinango","11638","AfyaPwani","Mnyenzeni Dispensary","2020","33","2020-05-10","2020-05-16","49","1","1","13"
"Kwale","Kinango","11768","AfyaPwani","Samburu Health Centre ","2020","33","2020-05-10","2020-05-16","80","0","0","35"
"Kwale","Kinango","11838","AfyaPwani","Taru Dispensary","2020","33","2020-05-10","2020-05-16","53","27","0","42"
"Kwale","Matuga","11507","AfyaPwani","Kwale District Hospital","2020","33","2020-05-10","2020-05-16","93","6","3","11"
"Kwale","Matuga","11629","AfyaPwani","Mkongani Dispensary","2020","33","2020-05-10","2020-05-16","48","2","2","21"
"Kwale","Matuga","11684","AfyaPwani","Mwaluphamaba Dispensary","2020","33","2020-05-10","2020-05-16","35","6","0","20"
"Kwale","Matuga","11714","AfyaPwani","Ngombeni Dispensary","2020","33","2020-05-10","2020-05-16","15","1","0","8"
"Kwale","Matuga","11853","AfyaPwani","Tiwi RHTC","2020","33","2020-05-10","2020-05-16","26","5","1","12"
"Kilifi","Malindi","11382","AfyaPwani","Ganda Dispensary","2020","33","2020-05-10","2020-05-16","29","1","1","12"
"Kilifi","Kilifi North","11387","AfyaPwani","Gede Health Centre","2020","33","2020-05-10","2020-05-16","45","2","1","20"
"Kilifi","Magarini","11401","AfyaPwani","Gongoni Health Centre","2020","33","2020-05-10","2020-05-16","58","2","1","3"
"Kilifi","Malindi","11453","AfyaPwani","Kakuyuni Dispensary (Malindi)","2020","33","2020-05-10","2020-05-16","41","0","0","5"
"Kilifi","Malindi","11555","AfyaPwani","Malindi District Hospital","2020","33","2020-05-10","2020-05-16","101","3","2","26"
"Kilifi","Magarini","11562","AfyaPwani","Marafa Health Centre","2020","33","2020-05-10","2020-05-16","50","2","0","16"
"Kilifi","Magarini","11563","AfyaPwani","Marereni Dispensary","2020","33","2020-05-10","2020-05-16","49","4","4","13"
"Kilifi","Malindi","11678","AfyaPwani","Muyeye Medical Clinic","2020","33","2020-05-10","2020-05-16","118","0","0","29"
"Kilifi","Magarini","16526","Aphia Plus HCM","St Bennedticto Health centre","2020","33","2020-05-10","2020-05-16","0","0","0","0"
"Kilifi","Malindi","11843","Aphia Plus HCM","Tawfiq Muslim Hospital","2020","33","2020-05-10","2020-05-16","0","0","0","0"
"Mombasa","Nyali","11239","AfyaPwani","BAMBURI HEALTH CENTRE","2020","33","2020-05-10","2020-05-16","72","13","1","35"
"Mombasa","Mvita","11289","AfyaPwani","Coast Provincial General Hospital (PGH)","2020","33","2020-05-10","2020-05-16","106","14","3","25"
"Mombasa","Nyali","11425","Aphia Plus HCM","Jambo Medical Clinic","2020","33","2020-05-10","2020-05-16","0","0","0","0"
"Mombasa","Kisauni","11434","Aphia Plus HCM","Jocham Hospital","2020","33","2020-05-10","2020-05-16","0","0","0","0"
"Mombasa","Nyali","11489","Aphia Plus HCM","Kisimani Health Services","2020","33","2020-05-10","2020-05-16","0","0","0","0"
"Mombasa","Nyali","11499","AfyaPwani","Kongowea Health Centre","2020","33","2020-05-10","2020-05-16","32","0","0","9"
"Mombasa","Mvita","11600","Aphia Plus HCM","Mewa Medical Centre","2020","33","2020-05-10","2020-05-16","0","0","0","0"
"Mombasa","Mvita","11679","AfyaPwani","Mvita Dispensary","2020","33","2020-05-10","2020-05-16","33","5","0","13"
"Mombasa","Nyali","11774","Aphia Plus HCM","Sayyida Fatimah Hospital","2020","33","2020-05-10","2020-05-16","0","0","0","0"
"Mombasa","Mvita","11861","AfyaPwani","Tudor District Hospital","2020","33","2020-05-10","2020-05-16","49","4","1","33"
"Kwale","Msambweni","11304","AfyaPwani","Diani Health Centre (Mswambweni)","2020","33","2020-05-10","2020-05-16","87","37","0","63"
"Kwale","Msambweni","16546","AfyaPwani","Gombato Dispensary (CDF)","2020","33","2020-05-10","2020-05-16","49","3","1","5"
"Kwale","Lunga Lunga","11472","AfyaPwani","Kikoneni Health Centre","2020","33","2020-05-10","2020-05-16","47","10","2","18"
"Kwale","Msambweni","16547","AfyaPwani","Kinondo Kwetu Community","2020","33","2020-05-10","2020-05-16","36","11","2","21"
"Kwale","Lunga Lunga","11526","AfyaPwani","Lungalunga Dispensary","2020","33","2020-05-10","2020-05-16","39","1","2","19"
"Kwale","Msambweni","11655","AfyaPwani","Msambweni District Hospital","2020","33","2020-05-10","2020-05-16","118","39","4","52"
"Kakamega","Khwisero","16027","AMPATH Plus","Muhaka Dispensary Kakamega","2020","33","2020-05-10","2020-05-16","5","0","0","5"
"Kwale","Msambweni","11691","AfyaPwani","Mwangulu Clinic","2020","33","2020-05-10","2020-05-16","59","0","0","16"
"Kwale","Msambweni","16552","Aphia Plus HCM","Ukunda Medical Clinic","2020","33","2020-05-10","2020-05-16","0","0","0","0"
"Kwale","Lunga Lunga","11884","AfyaPwani","Vitsangalaweni Dispensary","2020","33","2020-05-10","2020-05-16","43","1","0","11"
"Taita Taveta","Voi","11641","AfyaPwani","Moi Voi District Hospital","2020","33","2020-05-10","2020-05-16","153","38","1","59"
"Taita Taveta","Mwatate","11695","AfyaPwani","Mwatate Sub-District Hospital","2020","33","2020-05-10","2020-05-16","62","20","1","24"
"Taita Taveta","Voi","11705","AfyaPwani","Ndovu Dispensary","2020","33","2020-05-10","2020-05-16","70","12","1","33"
"Taita Taveta","Voi","11764","AfyaPwani","Sagala Health Centre","2020","33","2020-05-10","2020-05-16","7","0","0","2"
"Taita Taveta","Voi","11839","AfyaPwani","Tausa Health Centre","2020","33","2020-05-10","2020-05-16","17","3","0","3"
"Taita Taveta","Wundanyi","11906","AfyaPwani","Wesu District Hospital","2020","33","2020-05-10","2020-05-16","31","11","0","14"
"Tana River","Garsen","11385","Aphia Plus Imarisha","Garsen Health Centre","2020","33","2020-05-10","2020-05-16","0","0","0","0"
"Tana River","Galole","11411","Aphia Plus Imarisha","Hola District Hospital","2020","33","2020-05-10","2020-05-16","0","0","0","0"
"Tana River","Bura","11533","Aphia Plus Imarisha","Madogo Health Centre","2020","33","2020-05-10","2020-05-16","0","0","0","0"
"Taita Taveta","Taveta","11278","AfyaPwani","Challa Dispensary","2020","33","2020-05-10","2020-05-16","35","0","0","3"
"Taita Taveta","Taveta","16203","AfyaPwani","Kiwalwa Dispensary","2020","33","2020-05-10","2020-05-16","36","0","0","4"
"Taita Taveta","Taveta","11702","AfyaPwani","Ndilidau Dispensary (Jipe)","2020","33","2020-05-10","2020-05-16","31","2","1","5"
"Taita Taveta","Taveta","11718","AfyaPwani","Njukini Health Centre","2020","33","2020-05-10","2020-05-16","46","4","1","20"
"Taita Taveta","Taveta","11840","AfyaPwani","Taveta  District Hospital","2020","33","2020-05-10","2020-05-16","118","34","2","51"
"Embu","Runyenjes","12791","Afya Kamilisha","Acef Ena Health Centre","2020","33","2020-05-10","2020-05-16","18","3","0","4"
"Embu","Manyatta","11984","Afya Kamilisha","Dallas Dispensary","2020","33","2020-05-10","2020-05-16","15","0","0","10"
"Embu","Manyatta","12790","Afya Kamilisha","Embu Children Clinic","2020","33","2020-05-10","2020-05-16","42","14","0","17"
"Embu","Manyatta","12004","Afya Kamilisha","Embu Provincial General Hospital (PGH)","2020","33","2020-05-10","2020-05-16","104","3","3","30"
"Embu","Manyatta","12198","Afya Kamilisha","Karau Health Centre (Manyatta)","2020","33","2020-05-10","2020-05-16","0","0","0","0"
"Embu","Runyenjes","12203","Afya Kamilisha","Karurumo RHTC ","2020","33","2020-05-10","2020-05-16","24","2","1","6"
"Embu","Runyenjes","12279","Afya Kamilisha","Kianjokoma Sub-District Hospital","2020","33","2020-05-10","2020-05-16","27","0","0","7"
"Embu","Manyatta","12287","Afya Kamilisha","Kibugu Health Centre","2020","33","2020-05-10","2020-05-16","0","0","0","0"
"Embu","Manyatta","12359","Afya Kamilisha","Kithimu Dispensary","2020","33","2020-05-10","2020-05-16","0","0","0","0"
"Embu","Manyatta","12642","Afya Kamilisha","Nembure Health Centre","2020","33","2020-05-10","2020-05-16","15","0","0","7"
"Embu","Runyenjes","12719","Afya Kamilisha","Runyenjes District Hospital","2020","33","2020-05-10","2020-05-16","77","27","0","46"
"Meru","Igembe South","11923","Afya Kamilisha","Akachiu Health Centre","2020","33","2020-05-10","2020-05-16","18","2","2","0"
"Meru","Igembe South","11963","Afya Kamilisha","CCS (ACK) Dispensary","2020","33","2020-05-10","2020-05-16","16","0","0","2"
"Meru","Igembe Central","12174","Afya Kamilisha","Kangeta Health Centre","2020","33","2020-05-10","2020-05-16","63","2","2","27"
"Meru","Igembe North","12605","Afya Kamilisha","Mutuati Sub-District Hospital","2020","33","2020-05-10","2020-05-16","72","0","0","44"
"Meru","Igembe Central","12675","Afya Kamilisha","Nthambiro Dispensary","2020","33","2020-05-10","2020-05-16","17","1","1","5"
"Meru","Igembe South","12684","Afya Kamilisha","Nyambene District Hospital","2020","33","2020-05-10","2020-05-16","61","8","5","12"
"Meru","Igembe North","16555","Afya Kamilisha","Theere Health Centre","2020","33","2020-05-10","2020-05-16","25","0","0","2"
"Meru","Imenti Central","12031","Afya Kamilisha","Gatimbi Health Centre","2020","33","2020-05-10","2020-05-16","0","0","0","0"
"Meru","Imenti Central","12041","Afya Kamilisha","Githongo District Hospital","2020","33","2020-05-10","2020-05-16","24","0","0","9"
"Meru","Buuri","12282","Afya Kamilisha","Kibirichia Sub-district Hospital","2020","33","2020-05-10","2020-05-16","14","0","0","3"
"Meru","Imenti North","12015","Afya Kamilisha","Family CMC Medical Clinic","2020","33","2020-05-10","2020-05-16","0","0","0","0"
"Meru","Imenti North","12027","Afya Kamilisha","Gakoromone Dispensary","2020","33","2020-05-10","2020-05-16","24","0","0","6"
"Meru","Imenti North","12036","Afya Kamilisha","Giaki Sub-District Hospital","2020","33","2020-05-10","2020-05-16","19","1","0","8"
"Meru","Imenti North","12044","Afya Kamilisha","Gitoro Dispensary","2020","33","2020-05-10","2020-05-16","6","0","0","0"
"Meru","Imenti North","12290","Afya Kamilisha","Kiburine Dispensary","2020","33","2020-05-10","2020-05-16","0","0","0","0"
"Meru","Imenti North","12326","Afya Kamilisha","Kinoru Dispensary","2020","33","2020-05-10","2020-05-16","39","0","0","14"
"Meru","Imenti North","12516","Afya Kamilisha","Meru District Hospital","2020","33","2020-05-10","2020-05-16","112","6","6","0"
"Meru","Buuri","12717","Afya Kamilisha","Ruiri Rural Health Demonstration Center","2020","33","2020-05-10","2020-05-16","0","0","0","0"
"Meru","Buuri","12303","Afya Kamilisha","St. Therese Kiirua Mission Hospital","2020","33","2020-05-10","2020-05-16","24","1","1","11"
"Meru","Buuri","12802","Afya Kamilisha","Timau Sub-District Hospital","2020","33","2020-05-10","2020-05-16","43","0","0","24"
"Meru","Imenti South","12181","Afya Kamilisha","Kanyakine District Hospital","2020","33","2020-05-10","2020-05-16","29","1","0","12"
"Meru","Imenti South","12325","Afya Kamilisha","Kinoro Sub-District Hospital","2020","33","2020-05-10","2020-05-16","0","0","0","0"
"Meru","Imenti South","12328","Afya Kamilisha","Kionyo Dispensary (Imenti South)","2020","33","2020-05-10","2020-05-16","11","0","0","0"
"Meru","Imenti South","12526","Afya Kamilisha","Mikumbune Sub-District Hospital","2020","33","2020-05-10","2020-05-16","0","0","0","0"
"Meru","Imenti South","12534","Afya Kamilisha","Mitunguu Dispensary","2020","33","2020-05-10","2020-05-16","36","0","0","9"
"Meru","Imenti South","12666","Afya Kamilisha","Nkubu Dispensary","2020","33","2020-05-10","2020-05-16","23","1","0","5"
"Isiolo","Isiolo","12094","Aphia Plus Imarisha","Isiolo District Hospital","2020","33","2020-05-10","2020-05-16","0","0","0","0"
"Kitui","Kitui West","12587","Afya Kamilisha","Muthale Mission Hospital","2020","33","2020-05-10","2020-05-16","0","0","0","0"
"Kitui","Mwingi North","12789","Afya Kamilisha","Tei Wa Yesu Health Centre","2020","33","2020-05-10","2020-05-16","0","0","0","0"
"Tharaka Nithi","Tharaka South","12795","Afya Kamilisha","Tharaka District Hospital","2020","33","2020-05-10","2020-05-16","44","11","0","12"
"Tharaka Nithi","Mwimbi","12272","Afya Kamilisha","Kiamuchairu Dispensary","2020","33","2020-05-10","2020-05-16","17","1","1","0"
"Tharaka Nithi","Mwimbi","12445","Afya Kamilisha","Magutuni District Hospital","2020","33","2020-05-10","2020-05-16","32","7","0","16"
"Tharaka Nithi","Muthambi","12589","Afya Kamilisha","Muthambi Health Centre","2020","33","2020-05-10","2020-05-16","46","0","0","10"
"Marsabit","Saku","12472","Aphia Plus Imarisha","Marsabit District Hospital","2020","33","2020-05-10","2020-05-16","0","0","0","0"
"Embu","Mbeere South","16463","Afya Kamilisha","Gategi Health Centre","2020","33","2020-05-10","2020-05-16","27","1","1","4"
"Embu","Mbeere North","16464","Afya Kamilisha","Ishiara Sub-District Hospital","2020","33","2020-05-10","2020-05-16","34","1","1","12"
"Embu","Mbeere North","12185","Afya Kamilisha","Kanyuambora Dispensary","2020","33","2020-05-10","2020-05-16","0","0","0","0"
"Embu","Mbeere North","12271","Afya Kamilisha","Kiambere Dam Dispensary","2020","33","2020-05-10","2020-05-16","0","0","0","0"
"Embu","Mbeere South","16465","Afya Kamilisha","Kiambere Health Centre","2020","33","2020-05-10","2020-05-16","0","0","0","0"
"Embu","Mbeere South","12274","Afya Kamilisha","Kiamuringa Dispensary","2020","33","2020-05-10","2020-05-16","0","0","0","0"
"Embu","Mbeere South","16466","Afya Kamilisha","Kiritiri Health Centre","2020","33","2020-05-10","2020-05-16","51","10","1","28"
"Embu","Mbeere North","16467","Afya Kamilisha","Mbeere District Hospital","2020","33","2020-05-10","2020-05-16","50","16","1","39"
"Tharaka Nithi","Chuka","11973","Afya Kamilisha","Chuka District Hospital","2020","33","2020-05-10","2020-05-16","88","20","7","25"
"Tharaka Nithi","Igambang'ombe","12119","Afya Kamilisha","Kaanwa Dispensary","2020","33","2020-05-10","2020-05-16","26","4","3","3"
"Tharaka Nithi","Igambang'ombe","12132","Afya Kamilisha","Kajuki Dispensary","2020","33","2020-05-10","2020-05-16","29","0","0","5"
"Tharaka Nithi","Chuka","12288","Afya Kamilisha","Kibugua Health Centre","2020","33","2020-05-10","2020-05-16","25","4","4","11"
"Tharaka Nithi","Chuka","12546","Afya Kamilisha","Mpukoni Health Centre","2020","33","2020-05-10","2020-05-16","19","0","0","2"
"Marsabit","Moyale","12544","Aphia Plus Imarisha","Moyale District Hospital","2020","33","2020-05-10","2020-05-16","0","0","0","0"
"Tharaka Nithi","Tharaka South","12034","Afya Kamilisha","Gatunga Dispensary","2020","33","2020-05-10","2020-05-16","0","0","0","0"
"Tharaka Nithi","Tharaka North","12560","Afya Kamilisha","Mukothima Health Centre","2020","33","2020-05-10","2020-05-16","19","1","1","8"
"Meru","Tigania West","12500","Afya Kamilisha","Mbeu Sub-District Hospital","2020","33","2020-05-10","2020-05-16","0","0","0","0"
"Meru","Tigania West","16234","Afya Kamilisha","Miathene District Hospital","2020","33","2020-05-10","2020-05-16","33","1","0","19"
"Meru","Tigania East","12525","Afya Kamilisha","Mikinduri Sub-District Hospial","2020","33","2020-05-10","2020-05-16","43","0","0","26"
"Meru","Tigania East","12591","Afya Kamilisha","Muthara Sub-District Hospital","2020","33","2020-05-10","2020-05-16","39","0","0","23"
"Meru","Tigania East","12799","Afya Kamilisha","Tigania Hospital","2020","33","2020-05-10","2020-05-16","0","0","0","0"
"Nairobi","Embakasi North","12912","Afya Jijini project","Dandora II  Health Centre","2020","33","2020-05-10","2020-05-16","0","0","0","0"
"Nairobi","Embakasi South","12978","Aphia Plus HCM","PIPELINE NURSING HOME","2020","33","2020-05-10","2020-05-16","0","0","0","0"
"Nairobi","Makadara","12988","Afya Jijini project","Jericho Health Centre","2020","33","2020-05-10","2020-05-16","0","0","0","0"
"Nairobi","Embakasi West","13014","Aphia Plus HCM","Kayole Hospital","2020","33","2020-05-10","2020-05-16","0","0","0","0"
"Nairobi","Embakasi Central","13016","Afya Jijini project","Kayole II Sub-District Hospital","2020","33","2020-05-10","2020-05-16","0","0","0","0"
"Nairobi","Embakasi East","13017","Afya Jijini project","Kayole Soweto Clinic","2020","33","2020-05-10","2020-05-16","0","0","0","0"
"Nairobi","Embakasi West","13047","Lea Toto Program","Lea Toto Dandora","2020","33","2020-05-10","2020-05-16","0","0","0","0"
"Nairobi","Makadara","13053","Afya Jijini project","Lunga Lunga Health Centre","2020","33","2020-05-10","2020-05-16","0","0","0","0"
"Nairobi","Makadara","13056","Afya Jijini project","Makadara Health Centre","2020","33","2020-05-10","2020-05-16","0","0","0","0"
"Nairobi","Starehe","13064","Aphia Plus HCM","Mariakani Cottage Hospital","2020","33","2020-05-10","2020-05-16","0","0","0","0"
"Nairobi","Embakasi South","13101","Afya Jijini project","Mukuru MMM Clinic","2020","33","2020-05-10","2020-05-16","0","0","0","0"
"Nairobi","Embakasi South","13173","Afya Jijini project","Ruben Centre Clinic","2020","33","2020-05-10","2020-05-16","0","0","0","0"
"Nairobi","Embakasi Central","13222","Aphia Plus HCM","St Patrick Health Care Centre ","2020","33","2020-05-10","2020-05-16","0","0","0","0"
"Nairobi","Makadara","12879","Afya Jijini project","Bahati Health Centre","2020","33","2020-05-10","2020-05-16","0","0","0","0"
"Nairobi","Starehe","12965","Aphia Plus HCM","Guru Nanak Hospital","2020","33","2020-05-10","2020-05-16","0","0","0","0"
"Nairobi","Mathare","12976","Aphia Plus HCM","Huruma Nursing Home","2020","33","2020-05-10","2020-05-16","0","0","0","0"
"Nairobi","Roysambu","12997","Afya Jijini project","Kahawa West Health Centre","2020","33","2020-05-10","2020-05-16","0","0","0","0"
"Nairobi","Kasarani","13006","Afya Jijini project","Kariobangi Health Centre","2020","33","2020-05-10","2020-05-16","0","0","0","0"
"Nairobi","Kasarani","13010","Afya Jijini project","Kasarani Health Centre","2020","33","2020-05-10","2020-05-16","0","0","0","0"
"Nairobi","Roysambu","13045","Lea Toto Program","Lea Toto Kariobangi South Clinic","2020","33","2020-05-10","2020-05-16","0","0","0","0"
"Nairobi","Ruaraka","13077","Afya Jijini project","Mathare North Health Centre","2020","33","2020-05-10","2020-05-16","0","0","0","0"
"Nairobi","Starehe","13121","Afya Jijini project","Ngaira Rhodes Dispensary","2020","33","2020-05-10","2020-05-16","0","0","0","0"
"Nairobi","Starehe","13158","Aphia Plus HCM","Radiant Hospital","2020","33","2020-05-10","2020-05-16","0","0","0","0"
"Nairobi","Starehe","13193","Afya Jijini project","Special Treatment Clinic","2020","33","2020-05-10","2020-05-16","0","0","0","0"
"Nairobi","Kasarani","13202","Afya Jijini project","St Francis Community Hospital","2020","33","2020-05-10","2020-05-16","0","0","0","0"
"Nairobi","Westlands","12870","Afya Jijini project","Amurt Health Centre","2020","33","2020-05-10","2020-05-16","0","0","0","0"
"Nairobi","Westlands","13001","Afya Jijini project","Kangemi Health Centre","2020","33","2020-05-10","2020-05-16","0","0","0","0"
"Nairobi","Westlands","16800","Lea Toto Program","Lea Toto Clinic (kangemi)","2020","33","2020-05-10","2020-05-16","0","0","0","0"
"Nairobi","Dagoretti South","13046","Lea Toto Program","Lea Toto Dagoretti","2020","33","2020-05-10","2020-05-16","0","0","0","0"
"Nairobi","Kibra","13048","Lea Toto Program","Lea Toto Kibera ","2020","33","2020-05-10","2020-05-16","0","0","0","0"
"Nairobi","Kibra","13080","Afya Jijini project","Mbagathi District Hospital","2020","33","2020-05-10","2020-05-16","0","0","0","0"
"Nairobi","Kibra","13123","Afya Jijini project","Ngong Road Health Centre","2020","33","2020-05-10","2020-05-16","0","0","0","0"
"Nairobi","Langata","13218","Afya Jijini project","St Marys Mission Hospital","2020","33","2020-05-10","2020-05-16","0","0","0","0"
"Nairobi","Westlands","13258","Afya Jijini project","Westlands Health Centre","2020","33","2020-05-10","2020-05-16","0","0","0","0"
"Garissa","Garissa","13346","Aphia Plus Imarisha","Garissa Provincial General Hospital (PGH)","2020","33","2020-05-10","2020-05-16","0","0","0","0"
"Garissa","Garissa","13442","Aphia Plus Imarisha","Simaho Dispensary","2020","33","2020-05-10","2020-05-16","0","0","0","0"
"Mandera","Mandera East","13402","Aphia Plus Imarisha","Mandera District Hospital","2020","33","2020-05-10","2020-05-16","0","0","0","0"
"Wajir","Wajir East","13452","Aphia Plus Imarisha","Wajir District Hospital ","2020","33","2020-05-10","2020-05-16","0","0","0","0"
"Nyamira","Borabu","13523","Afya Ziwani","Chepngombe Health Centre","2020","33","2020-05-10","2020-05-16","9","3","0","3"
"Nyamira","Borabu","13692","Afya Ziwani","Kijauri Sub District Hospital","2020","33","2020-05-10","2020-05-16","4","0","0","0"
"Nyamira","Borabu","13695","Afya Ziwani","Kineni Dispensary ","2020","33","2020-05-10","2020-05-16","10","2","1","0"
"Nyamira","Borabu","13836","Afya Ziwani","Mwongori Dispensary ","2020","33","2020-05-10","2020-05-16","13","2","0","4"
"Nyamira","Borabu","13932","Afya Ziwani","Nyankono Dispensary ","2020","33","2020-05-10","2020-05-16","3","1","1","0"
"Kisumu","Kisumu West","13469","Afya Ziwani","Airport Dispensary (Kisumu)","2020","33","2020-05-10","2020-05-16","39","9","2","20"
"Kisumu","Kisumu East","13524","Afya Ziwani","Chiga Dispensary ","2020","33","2020-05-10","2020-05-16","20","1","0","3"
"Kisumu","Kisumu East","13647","Afya Ziwani","Gita Health Centre","2020","33","2020-05-10","2020-05-16","36","2","2","5"
"Kisumu","Kisumu East","13722","Afya Ziwani","Kowino Dispensary ","2020","33","2020-05-10","2020-05-16","21","1","0","3"
"Kisumu","Kisumu Central","13807","Afya Ziwani","Migosi Health Centre","2020","33","2020-05-10","2020-05-16","112","20","9","30"
"Kisumu","Kisumu Central","13856","Afya Ziwani","Nightingale Hospital","2020","33","2020-05-10","2020-05-16","33","8","0","16"
"Kisumu","Kisumu Central","13887","Afya Ziwani","Nyalenda Health Centre","2020","33","2020-05-10","2020-05-16","144","8","1","14"
"Kisumu","Kisumu West","13954","Afya Ziwani","Ober Kamoth Health Centre","2020","33","2020-05-10","2020-05-16","85","10","1","20"
"Kisumu","Kisumu West","13971","Afya Ziwani","Ojola Dispensary ","2020","33","2020-05-10","2020-05-16","26","1","1","6"
"Kisumu","Kisumu West","14017","Afya Ziwani","Port Florence Hospital","2020","33","2020-05-10","2020-05-16","65","24","2","22"
"Kisumu","Kisumu East","14088","Afya Ziwani","Simba Opepo Dispensary ","2020","33","2020-05-10","2020-05-16","18","1","0","5"
"Kisumu","Kisumu West","14118","Afya Ziwani","St Marks Lela Dispensary ","2020","33","2020-05-10","2020-05-16","65","5","1","11"
"Kisumu","Kisumu Central","14129","Afya Ziwani","Star Maternity & Nursing Home","2020","33","2020-05-10","2020-05-16","41","4","2","7"
"Kisumu","Kisumu West","13528","AMPATH Plus","Chulaimbo Sub-District Hospital","2020","33","2020-05-10","2020-05-16","75","5","4","18"
"Migori","Kuria East","13526","Afya Ziwani","Chinayo Dispensary","2020","33","2020-05-10","2020-05-16","0","0","0","0"
"Migori","Kuria East","13663","Afya Ziwani","Kegonga District Hospital","2020","33","2020-05-10","2020-05-16","0","0","0","0"
"Migori","Kuria West","13517","Afya Ziwani","Bugumbe Health Centre ","2020","33","2020-05-10","2020-05-16","0","0","0","0"
"Migori","Kuria West","13726","Afya Ziwani","Kuria District Hospital","2020","33","2020-05-10","2020-05-16","0","0","0","0"
"Migori","Kuria West","13779","Afya Ziwani","Masaba Health Centre","2020","33","2020-05-10","2020-05-16","0","0","0","0"
"Migori","Kuria West","16721","Afya Ziwani","Mogori/Komasimo Dispensary (Outreach)","2020","33","2020-05-10","2020-05-16","0","0","0","0"
"Nyamira","Manga","13566","Afya Ziwani","Getare Dispensary ","2020","33","2020-05-10","2020-05-16","44","28","1","37"
"Nyamira","Manga","13616","Afya Ziwani","Ikobe Dispensary ","2020","33","2020-05-10","2020-05-16","12","1","0","6"
"Nyamira","Manga","13684","Afya Ziwani","Kiangoso Dispensary ","2020","33","2020-05-10","2020-05-16","15","3","1","5"
"Nyamira","Manga","13766","Afya Ziwani","Manga District Hospital","2020","33","2020-05-10","2020-05-16","19","7","0","13"
"Nyamira","Manga","13924","Afya Ziwani","Nyangena Health Centre","2020","33","2020-05-10","2020-05-16","31","10","1","15"
"Nyamira","Manga","14151","Afya Ziwani","Tombe Dispensary ","2020","33","2020-05-10","2020-05-16","17","3","1","13"
"Kisii","Nyaribari Masaba","13541","Afya Ziwani","Ekerubo Dispensary (Masaba)","2020","33","2020-05-10","2020-05-16","0","0","0","0"
"Nyamira","Masaba North","13559","Afya Ziwani","Gesima Health Centre","2020","33","2020-05-10","2020-05-16","28","5","1","10"
"Kisii","Nyaribari Masaba","13564","Afya Ziwani","Gesusu Sub-District Hospital","2020","33","2020-05-10","2020-05-16","0","0","0","0"
"Nyamira","Masaba North","13746","Afya Ziwani","Machururiati Dispensary ","2020","33","2020-05-10","2020-05-16","8","3","0","6"
"Nyamira","Masaba North","13752","Afya Ziwani","Magombo Health Centre","2020","33","2020-05-10","2020-05-16","21","1","1","8"
"Nyamira","Masaba North","13678","Afya Ziwani","Keroka District Hospital","2020","33","2020-05-10","2020-05-16","80","38","3","58"
"Kisii","Nyaribari Masaba","13783","Afya Ziwani","Masimba Sub-District Hospital","2020","33","2020-05-10","2020-05-16","0","0","0","0"
"Nyamira","Masaba North","13818","Afya Ziwani","Mochenwa Dispensary ","2020","33","2020-05-10","2020-05-16","9","1","1","2"
"Kisii","Nyaribari Masaba","13903","Afya Ziwani","Nyamasibi Health Centre ","2020","33","2020-05-10","2020-05-16","0","0","0","0"
"Nyamira","Masaba North","14044","Afya Ziwani","Riakworo Dispensary ","2020","33","2020-05-10","2020-05-16","6","1","1","0"
"Nyamira","Masaba North","14051","Afya Ziwani","Rigoma Dispensary ","2020","33","2020-05-10","2020-05-16","8","1","0","1"
"Nyamira","Borabu","13475","Afya Ziwani","Amatierio Dispensary ","2020","33","2020-05-10","2020-05-16","23","2","0","12"
"Nyamira","Nyamira","13514","Afya Ziwani","Bosiango Dispensary ","2020","33","2020-05-10","2020-05-16","26","5","0","14"
"Nyamira","Nyamira North","13540","Afya Ziwani","Ekerenyo Sub-District Hospital","2020","33","2020-05-10","2020-05-16","99","45","0","62"
"Nyamira","Nyamira","13543","Afya Ziwani","Embonga Dispensary ","2020","33","2020-05-10","2020-05-16","16","0","0","0"
"Nyamira","Borabu","13544","Afya Ziwani","Endiba Dispensary ","2020","33","2020-05-10","2020-05-16","8","2","0","2"
"Nyamira","Nyamira North","13549","Afya Ziwani","Esianyi Dispensary ","2020","33","2020-05-10","2020-05-16","23","1","0","5"
"Nyamira","Nyamira North","13617","Afya Ziwani","Ikonge Dispensary ","2020","33","2020-05-10","2020-05-16","13","3","2","4"
"Nyamira","Nyamira North","13628","Afya Ziwani","Itibo Mission Health Centre","2020","33","2020-05-10","2020-05-16","25","7","0","13"
"Nyamira","Nyamira North","13676","Afya Ziwani","Kentoro health centre","2020","33","2020-05-10","2020-05-16","23","3","1","9"
"Nyamira","Nyamira North","13791","Afya Ziwani","Matongo Health Centre","2020","33","2020-05-10","2020-05-16","18","1","1","0"
"Nyamira","Borabu","13820","Afya Ziwani","Mokomoni Dispensary ","2020","33","2020-05-10","2020-05-16","14","2","1","5"
"Nyamira","Nyamira","13894","Afya Ziwani","Nyamaiya Health Centre","2020","33","2020-05-10","2020-05-16","34","11","5","17"
"Nyamira","Nyamira","13911","Afya Ziwani","Nyamira Adventist Dispensary","2020","33","2020-05-10","2020-05-16","14","1","2","3"
"Nyamira","Nyamira","13912","Afya Ziwani","Nyamira District Hospital","2020","33","2020-05-10","2020-05-16","6","3","0","0"
"Nyamira","Nyamira North","13916","Afya Ziwani","Nyamusi Sub-District Hospital","2020","33","2020-05-10","2020-05-16","32","20","0","26"
"Nyamira","Nyamira","13935","Afya Ziwani","Nyansangio Dispensary ","2020","33","2020-05-10","2020-05-16","10","0","0","3"
"Nyamira","Nyamira","13964","Afya Ziwani","Ogango Health Centre","2020","33","2020-05-10","2020-05-16","18","6","1","11"
"Nyamira","Nyamira North","14048","Afya Ziwani","Riechieri Dispensary ","2020","33","2020-05-10","2020-05-16","7","1","0","0"
"Nyamira","Nyamira","14146","Afya Ziwani","Tinga Health Centre","2020","33","2020-05-10","2020-05-16","35","14","2","32"
"Homa Bay","Kasipul","13466","Afya Ziwani","Agawo Dispensary ","2020","33","2020-05-10","2020-05-16","0","0","0","0"
"Homa Bay","Kabondo Kasipul","13633","Afya Ziwani","Jawabu (Community) Medical Clinic","2020","33","2020-05-10","2020-05-16","0","0","0","0"
"Homa Bay","Kabondo Kasipul","13638","Afya Ziwani","Kabondo Sub-District Hospital","2020","33","2020-05-10","2020-05-16","0","0","0","0"
"Homa Bay","Kabondo Kasipul","13693","Afya Ziwani","Kimonge Dispensary ","2020","33","2020-05-10","2020-05-16","0","0","0","0"
"Homa Bay","Kabondo Kasipul","13712","Afya Ziwani","Kokwanyo Dispensary ","2020","33","2020-05-10","2020-05-16","0","0","0","0"
"Homa Bay","Kasipul","13789","Afya Ziwani","Matata Nursing Hospital","2020","33","2020-05-10","2020-05-16","0","0","0","0"
"Homa Bay","Kasipul","13926","Afya Ziwani","Nyangiela Dispensary ","2020","33","2020-05-10","2020-05-16","0","0","0","0"
"Homa Bay","Kabondo Kasipul","13953","Afya Ziwani","Ober Health Centre","2020","33","2020-05-10","2020-05-16","0","0","0","0"
"Homa Bay","Kasipul","13978","Afya Ziwani","Ombek Dispensary ","2020","33","2020-05-10","2020-05-16","0","0","0","0"
"Homa Bay","Kabondo Kasipul","13981","Afya Ziwani","Omiro Dispensary ","2020","33","2020-05-10","2020-05-16","0","0","0","0"
"Homa Bay","Kabondo Kasipul","14002","Afya Ziwani","Othoro Health Centre (Rachuonyo)","2020","33","2020-05-10","2020-05-16","0","0","0","0"
"Homa Bay","Kasipul","14022","Afya Ziwani","Rachuonyo District Hospital","2020","33","2020-05-10","2020-05-16","0","0","0","0"
"Migori","Awendo","13492","Afya Ziwani","Awendo Sub-District Hospital","2020","33","2020-05-10","2020-05-16","0","0","0","0"
"Migori","Awendo","13532","Afya Ziwani","Dede Dispensary ","2020","33","2020-05-10","2020-05-16","0","0","0","0"
"Migori","Awendo","13724","Afya Ziwani","Kuja Dispensary ","2020","33","2020-05-10","2020-05-16","0","0","0","0"
"Migori","Awendo","13729","Afya Ziwani","Kwoyo Kodalo Dispensary ","2020","33","2020-05-10","2020-05-16","0","0","0","0"
"Migori","Awendo","13778","Afya Ziwani","Mariwa Health Centre","2020","33","2020-05-10","2020-05-16","0","0","0","0"
"Migori","Awendo","13885","Afya Ziwani","Nyakuru Dispensary ","2020","33","2020-05-10","2020-05-16","0","0","0","0"
"Migori","Uriri","14008","Afya Ziwani","Oyani (SDA) Dispensary ","2020","33","2020-05-10","2020-05-16","0","0","0","0"
"Migori","Awendo","14019","Afya Ziwani","Rabondo Dispensary ","2020","33","2020-05-10","2020-05-16","0","0","0","0"
"Migori","Awendo","14037","Afya Ziwani","Rapcom Nursing and Maternity Home","2020","33","2020-05-10","2020-05-16","0","0","0","0"
"Migori","Awendo","14097","Afya Ziwani","Sony Medical Centre","2020","33","2020-05-10","2020-05-16","0","0","0","0"
"Migori","Uriri","14161","Afya Ziwani","Uriri Health Centre","2020","33","2020-05-10","2020-05-16","0","0","0","0"
"Baringo","Baringo Central","14607","Afya Nyota ya Bonde","Kabarnet District Hospital","2020","33","2020-05-10","2020-05-16","29","0","0","0"
"Baringo","Marigat","14867","Afya Nyota ya Bonde","Kimalel Health Centre","2020","33","2020-05-10","2020-05-16","0","0","0","0"
"Baringo","Marigat","15138","Afya Nyota ya Bonde","Marigat Sub District Hospital","2020","33","2020-05-10","2020-05-16","17","5","5","0"
"Baringo","Baringo North","14609","Afya Nyota ya Bonde","Kabartonjo District Hospital","2020","33","2020-05-10","2020-05-16","10","0","0","0"
"Uasin Gishu","Ainabkoi","16347","AMPATH Plus","Burnt Forest SDH (Eldoret East)","2020","33","2020-05-10","2020-05-16","36","0","0","26"
"Uasin Gishu","Moiben","14335","AMPATH Plus","Chepkanga Health Centre","2020","33","2020-05-10","2020-05-16","28","1","1","22"
"Uasin Gishu","Ainabkoi","14769","AMPATH Plus","Kapsoya Health Centre","2020","33","2020-05-10","2020-05-16","35","3","2","25"
"Uasin Gishu","Ainabkoi","15167","AMPATH Plus","Mediheal Hospital","2020","33","2020-05-10","2020-05-16","71","1","0","0"
"Uasin Gishu","Ainabkoi","15204","AMPATH Plus","Moi Teaching Refferal Hospital","2020","33","2020-05-10","2020-05-16","430","14","9","71"
"Uasin Gishu","Moiben","15206","AMPATH Plus","Moiben Health Centre","2020","33","2020-05-10","2020-05-16","35","1","1","14"
"Uasin Gishu","Moiben","15758","AMPATH Plus","Uasin Gishu District Hospital","2020","33","2020-05-10","2020-05-16","92","5","5","68"
"Uasin Gishu","Turbo","14555","AMPATH Plus","Huruma Sub-District Hospital","2020","33","2020-05-10","2020-05-16","85","5","5","75"
"Uasin Gishu","Soy","15209","AMPATH Plus","Mois Bridge Health Centre","2020","33","2020-05-10","2020-05-16","44","2","2","29"
"Uasin Gishu","Soy","15623","AMPATH Plus","Soy Health Centre","2020","33","2020-05-10","2020-05-16","20","1","0","19"
"Uasin Gishu","Turbo","15753","AMPATH Plus","Turbo Health Centre","2020","33","2020-05-10","2020-05-16","70","20","0","58"
"Uasin Gishu","Turbo","15779","AMPATH Plus","West Health Centre","2020","33","2020-05-10","2020-05-16","27","2","1","26"
"Uasin Gishu","Soy","15788","AMPATH Plus","Ziwa Sub-District Hospital","2020","33","2020-05-10","2020-05-16","31","0","6","26"
"Kajiado","Kajiado Central","14259","Afya Nyota ya Bonde","Bisil Health Centre","2020","33","2020-05-10","2020-05-16","87","1","1","33"
"Kajiado","Kajiado East","14582","Afya Nyota ya Bonde","Isinya Health Centre","2020","33","2020-05-10","2020-05-16","95","1","1","27"
"Kajiado","Kajiado Central","14652","Afya Nyota ya Bonde","Kajiado District Hospital","2020","33","2020-05-10","2020-05-16","109","0","0","14"
"Kajiado","Kajiado East","14950","Afya Nyota ya Bonde","Kitengela Health Centre","2020","33","2020-05-10","2020-05-16","116","2","0","37"
"Kajiado","Kajiado East","14951","Afya Nyota ya Bonde","Kitengela Medical Services","2020","33","2020-05-10","2020-05-16","0","0","2","0"
"Kajiado","Kajiado Central","15294","Afya Nyota ya Bonde","Namanga Health Centre","2020","33","2020-05-10","2020-05-16","35","1","1","18"
"Kajiado","Kajiado North","15351","Afya Nyota ya Bonde","Ngong Sub-District Hospital","2020","33","2020-05-10","2020-05-16","213","17","4","87"
"Kajiado","Kajiado North","15440","Afya Nyota ya Bonde","Ongata Rongai Health Centre","2020","33","2020-05-10","2020-05-16","92","5","5","3"
"Kajiado","Kajiado East","15574","Afya Nyota ya Bonde","Simba Health Centre","2020","33","2020-05-10","2020-05-16","53","0","0","4"
"Elgeyo Marakwet","Keiyo South","14499","AMPATH Plus","Flax Dispensary","2020","33","2020-05-10","2020-05-16","19","1","1","8"
"Elgeyo Marakwet","Keiyo North","14586","AMPATH Plus","Iten County Refferal Hospital","2020","33","2020-05-10","2020-05-16","45","2","0","26"
"Elgeyo Marakwet","Keiyo South","14680","AMPATH Plus","Kamwosor Subcounty Hospital","2020","33","2020-05-10","2020-05-16","13","0","0","8"
"Baringo","Koibatek","14432","Afya Nyota ya Bonde","Eldama Ravine District Hospital","2020","33","2020-05-10","2020-05-16","47","2","2","0"
"Baringo","Mogotio","14446","Afya Nyota ya Bonde","Emining Health Centre","2020","33","2020-05-10","2020-05-16","0","0","0","0"
"Baringo","Koibatek","14477","Afya Nyota ya Bonde","Esageri Health Centre","2020","33","2020-05-10","2020-05-16","2","1","0","0"
"Baringo","Koibatek","15174","Afya Nyota ya Bonde","Mercy Hospital","2020","33","2020-05-10","2020-05-16","17","2","2","0"
"Baringo","Koibatek","15725","Afya Nyota ya Bonde","Timboroa Health Centre","2020","33","2020-05-10","2020-05-16","0","0","0","0"
"Trans Nzoia","Endebess","14203","AMPATH Plus","Andersen Medical Center","2020","33","2020-05-10","2020-05-16","37","1","1","23"
"Trans Nzoia","Endebess","14332","AMPATH Plus","Chepchoina Dispensary","2020","33","2020-05-10","2020-05-16","16","0","1","10"
"Trans Nzoia","Endebess","14455","AMPATH Plus","Endebess Sub-District Hospital","2020","33","2020-05-10","2020-05-16","41","1","1","13"
"Trans Nzoia","Kwanza","14532","AMPATH Plus","Goseta Dispensary","2020","33","2020-05-10","2020-05-16","18","0","0","8"
"Trans Nzoia","Kwanza","14720","AMPATH Plus","Kapkoi Dispensary","2020","33","2020-05-10","2020-05-16","19","0","0","10"
"Trans Nzoia","Kwanza","14762","AMPATH Plus","Kapsitwet Dispensary","2020","33","2020-05-10","2020-05-16","13","1","1","4"
"Trans Nzoia","Kwanza","14981","AMPATH Plus","Kolongolo M Dispensary","2020","33","2020-05-10","2020-05-16","0","0","0","0"
"Trans Nzoia","Kwanza","15003","AMPATH Plus","Kwanza Health Centre","2020","33","2020-05-10","2020-05-16","23","4","4","13"
"Laikipia","Laikipia East","15035","Afya Nyota ya Bonde","Likii Dispensary","2020","33","2020-05-10","2020-05-16","28","6","0","3"
"Laikipia","Laikipia East","15304","Afya Nyota ya Bonde","Nanyuki Cottage Hospital","2020","33","2020-05-10","2020-05-16","22","0","0","0"
"Laikipia","Laikipia East","15305","Afya Nyota ya Bonde","Nanyuki District Hospital","2020","33","2020-05-10","2020-05-16","117","3","4","0"
"Laikipia","Laikipia West","15170","Afya Nyota ya Bonde","Melwa Health Centre","2020","33","2020-05-10","2020-05-16","36","0","0","0"
"Laikipia","Laikipia West","15325","Afya Nyota ya Bonde","Ndindika Health Centre","2020","33","2020-05-10","2020-05-16","48","0","0","0"
"Laikipia","Laikipia West","15339","Afya Nyota ya Bonde","Ngarua Health Centre","2020","33","2020-05-10","2020-05-16","45","0","0","0"
"Laikipia","Laikipia West","15404","Afya Nyota ya Bonde","Oljabet Health Centre","2020","33","2020-05-10","2020-05-16","47","2","2","3"
"Laikipia","Laikipia West","15502","Afya Nyota ya Bonde","Rumuruti District Hospital","2020","33","2020-05-10","2020-05-16","38","0","0","0"
"Kajiado","Loitokitok","14868","Afya Nyota ya Bonde","Kimana Health Centre","2020","33","2020-05-10","2020-05-16","48","3","0","28"
"Kajiado","Loitokitok","15051","Afya Nyota ya Bonde","Loitokitok District Hospital","2020","33","2020-05-10","2020-05-16","69","1","1","17"
"Elgeyo Marakwet","Marakwet West","14301","AMPATH Plus","Chebororwa Health Centre","2020","33","2020-05-10","2020-05-16","28","0","0","13"
"Elgeyo Marakwet","Marakwet West","14695","AMPATH Plus","Kapcherop Health Centre","2020","33","2020-05-10","2020-05-16","47","5","5","29"
"Elgeyo Marakwet","Marakwet West","14767","AMPATH Plus","Kapsowar (AIC) Hospital","2020","33","2020-05-10","2020-05-16","0","0","0","0"
"Nakuru","Molo","14431","Afya Nyota ya Bonde","Elburgon Sub-District Hospital","2020","33","2020-05-10","2020-05-16","2","1","5","0"
"Nakuru","Njoro","14552","Afya Nyota ya Bonde","Huruma Dispensary","2020","33","2020-05-10","2020-05-16","0","0","0","0"
"Nakuru","Kuresoi North","14559","Afya Nyota ya Bonde","Ikumbi Health Centre","2020","33","2020-05-10","2020-05-16","7","0","2","0"
"Nakuru","Kuresoi South","14836","Afya Nyota ya Bonde","Keringet Health Centre (Kuresoi)","2020","33","2020-05-10","2020-05-16","24","4","4","4"
"Nakuru","Kuresoi South","14924","Afya Nyota ya Bonde","Kiptagich Dispensary","2020","33","2020-05-10","2020-05-16","25","1","1","0"
"Nakuru","Kuresoi North","16683","Afya Nyota ya Bonde","Kuresoi Health Centre","2020","33","2020-05-10","2020-05-16","6","1","2","0"
"Nakuru","Njoro","15156","Afya Nyota ya Bonde","Mau Narok Health Centre","2020","33","2020-05-10","2020-05-16","13","4","3","2"
"Nakuru","Molo","15212","Afya Nyota ya Bonde","Molo District Hospital","2020","33","2020-05-10","2020-05-16","59","1","3","0"
"Nakuru","Njoro","15358","Afya Nyota ya Bonde","Njoro Health Centre","2020","33","2020-05-10","2020-05-16","37","5","5","0"
"Nakuru","Kuresoi South","15398","Afya Nyota ya Bonde","Olenguruone Sub-District Hospital","2020","33","2020-05-10","2020-05-16","55","1","1","12"
"Nakuru","Molo","16409","Afya Nyota ya Bonde","St Joseph Nursing home","2020","33","2020-05-10","2020-05-16","16","0","0","0"
"Nakuru","Gilgil","14510","Afya Nyota ya Bonde","Gilgil Sub-District Hospital","2020","33","2020-05-10","2020-05-16","31","3","1","0"
"Nakuru","Naivasha","14551","Afya Nyota ya Bonde","Finlays  Hospital","2020","33","2020-05-10","2020-05-16","27","1","1","0"
"Nakuru","Naivasha","14801","Afya Nyota ya Bonde","Karagita Dispensary","2020","33","2020-05-10","2020-05-16","19","0","0","0"
"Nakuru","Naivasha","15004","Afya Nyota ya Bonde","Lakeview Nursing Home","2020","33","2020-05-10","2020-05-16","0","0","0","0"
"Nakuru","Naivasha","15108","Afya Nyota ya Bonde","Mai Mahiu Health centre","2020","33","2020-05-10","2020-05-16","74","4","4","40"
"Nakuru","Naivasha","15280","Afya Nyota ya Bonde","Naivasha District Hospital","2020","33","2020-05-10","2020-05-16","105","4","7","0"
"Nakuru","Gilgil","15654","Afya Nyota ya Bonde","St Mary's Hospital (Naivasha)","2020","33","2020-05-10","2020-05-16","5","0","0","0"
"Nakuru","Nakuru East","14263","Afya Nyota ya Bonde","Bondeni Dispensary (Nakuru Central)","2020","33","2020-05-10","2020-05-16","19","1","1","3"
"Nakuru","Nakuru East","14265","Afya Nyota ya Bonde","Bondeni Maternity","2020","33","2020-05-10","2020-05-16","48","1","1","0"
"Nakuru","Nakuru West","14498","Afya Nyota ya Bonde","FITC Dispensary","2020","33","2020-05-10","2020-05-16","13","3","2","3"
"Nakuru","Nakuru West","14575","Afya Nyota ya Bonde","Industrial Area Dispensary","2020","33","2020-05-10","2020-05-16","25","3","1","2"
"Nakuru","Rongai","14606","Afya Nyota ya Bonde","Kabarak Health Centre","2020","33","2020-05-10","2020-05-16","18","0","0","0"
"Nakuru","Nakuru West","14733","Afya Nyota ya Bonde","Kapkures Dispensary (Nakuru Central)","2020","33","2020-05-10","2020-05-16","53","6","4","0"
"Nakuru","Nakuru East","15008","Afya Nyota ya Bonde","Lanet Health Centre","2020","33","2020-05-10","2020-05-16","30","1","4","0"
"Nakuru","Nakuru East","15009","Afya Nyota ya Bonde","Langa Langa Health Centre","2020","33","2020-05-10","2020-05-16","48","11","1","32"
"Nakuru","Nakuru East","15188","Afya Nyota ya Bonde","Mirugi Kariuki Dispensary","2020","33","2020-05-10","2020-05-16","35","0","0","17"
"Nakuru","Rongai","15200","Afya Nyota ya Bonde","Mogotio RHDC","2020","33","2020-05-10","2020-05-16","23","0","0","0"
"Nakuru","Nakuru West","15232","Afya Nyota ya Bonde","Mother Kevin Dispensary (Catholic)","2020","33","2020-05-10","2020-05-16","22","1","0","2"
"Nakuru","Nakuru West","15288","Afya Nyota ya Bonde","Nakuru Provincial General Hospital (PGH)","2020","33","2020-05-10","2020-05-16","225","8","10","77"
"Nakuru","Nakuru West","15290","Afya Nyota ya Bonde","Nakuru West (PCEA) Health Centre","2020","33","2020-05-10","2020-05-16","12","0","0","0"
"Nakuru","Nakuru West","15365","Afya Nyota ya Bonde","Nku West Health Centre","2020","33","2020-05-10","2020-05-16","47","3","1","0"
"Nakuru","Rongai","15495","Afya Nyota ya Bonde","Rongai Health Centre","2020","33","2020-05-10","2020-05-16","23","1","1","0"
"Nakuru","Nakuru North","14223","Afya Nyota ya Bonde","Bahati Dispensary","2020","33","2020-05-10","2020-05-16","39","1","0","0"
"Nakuru","Nakuru North","14224","Afya Nyota ya Bonde","Bahati District Hospital","2020","33","2020-05-10","2020-05-16","35","2","2","0"
"Nakuru","Nakuru North","14424","Afya Nyota ya Bonde","Dundori Health Centre","2020","33","2020-05-10","2020-05-16","59","1","3","14"
"Nakuru","Nakuru North","14458","Afya Nyota ya Bonde","Engashura Health Centre","2020","33","2020-05-10","2020-05-16","54","4","3","14"
"Nakuru","Subukia","15678","Afya Nyota ya Bonde","Subukia Health Centre","2020","33","2020-05-10","2020-05-16","53","2","2","12"
"West Pokot","Pokot South","15446","AMPATH Plus","Ortum Hospital","2020","33","2020-05-10","2020-05-16","9","0","0","0"
"West Pokot","Pokot North","14634","AMPATH Plus","Kacheliba District Hospital","2020","33","2020-05-10","2020-05-16","33","1","0","27"
"Samburu","Samburu Central","14943","Afya Nyota ya Bonde","Kisima Dispensary","2020","33","2020-05-10","2020-05-16","15","0","0","0"
"Samburu","Samburu Central","15126","Afya Nyota ya Bonde","Maralal District Hospital","2020","33","2020-05-10","2020-05-16","29","0","0","0"
"Samburu","Samburu East","14212","Afya Nyota ya Bonde","Archers Post Health Centre","2020","33","2020-05-10","2020-05-16","18","0","0","0"
"Samburu","Samburu East","15768","Afya Nyota ya Bonde","Wamba District Hospital","2020","33","2020-05-10","2020-05-16","28","1","2","0"
"Samburu","Samburu East","15769","Afya Nyota ya Bonde","Wamba Mission Hospital","2020","33","2020-05-10","2020-05-16","16","0","0","0"
"Samburu","Samburu North","14228","Afya Nyota ya Bonde","Baragoi District Hospital","2020","33","2020-05-10","2020-05-16","4","0","0","0"
"Trans Nzoia","Cherangany","14379","AMPATH Plus","Cherangany Health Centre","2020","33","2020-05-10","2020-05-16","35","1","1","21"
"Trans Nzoia","Cherangany","14734","AMPATH Plus","Kaplamai Health Centre","2020","33","2020-05-10","2020-05-16","8","1","1","0"
"Trans Nzoia","Cherangany","14753","AMPATH Plus","Kapsara District Hospital","2020","33","2020-05-10","2020-05-16","24","1","1","14"
"Trans Nzoia","Cherangany","15692","AMPATH Plus","Suwerwa Health Centre","2020","33","2020-05-10","2020-05-16","8","0","0","8"
"Trans Nzoia","Cherangany","15783","AMPATH Plus","Wiyeta Dispensary","2020","33","2020-05-10","2020-05-16","15","1","0","4"
"Trans Nzoia","Kiminini","16361","AMPATH Plus","Bikeke Helth Centre","2020","33","2020-05-10","2020-05-16","38","2","1","15"
"Trans Nzoia","Saboti","14264","AMPATH Plus","Bondeni Dispensary (Trans Nzoia West)","2020","33","2020-05-10","2020-05-16","15","1","1","10"
"Trans Nzoia","Kiminini","14872","AMPATH Plus","Kiminini Cottage Hospital","2020","33","2020-05-10","2020-05-16","22","1","1","10"
"Trans Nzoia","Kiminini","14947","AMPATH Plus","Kitale District Hospital","2020","33","2020-05-10","2020-05-16","260","14","14","99"
"Trans Nzoia","Kiminini","16364","AMPATH Plus","Matunda Dispensary","2020","33","2020-05-10","2020-05-16","27","0","0","17"
"Trans Nzoia","Saboti","15508","AMPATH Plus","Saboti Sub-District Hospital","2020","33","2020-05-10","2020-05-16","29","4","4","18"
"Trans Nzoia","Saboti","15732","AMPATH Plus","Tom Mboya Dispensary","2020","33","2020-05-10","2020-05-16","63","5","4","42"
"Trans Nzoia","Kiminini","15747","AMPATH Plus","Tulwet Health Centre","2020","33","2020-05-10","2020-05-16","6","0","1","6"
"Trans Nzoia","Kiminini","15777","AMPATH Plus","Weonia Dispensary","2020","33","2020-05-10","2020-05-16","19","0","0","4"
"Turkana","Turkana Central","14663","AMPATH Plus","Kalokol (AIC) Health Centre","2020","33","2020-05-10","2020-05-16","57","7","5","12"
"Turkana","Turkana Central","15049","AMPATH Plus","Lodwar District Hospital","2020","33","2020-05-10","2020-05-16","239","12","4","82"
"Turkana","Turkana Central","15301","AMPATH Plus","Namukuse Dispensary","2020","33","2020-05-10","2020-05-16","11","1","1","0"
"Turkana","Turkana Central","15634","AMPATH Plus","St Catherines Napetet Dispensary","2020","33","2020-05-10","2020-05-16","23","1","0","1"
"Turkana","Turkana Central","15661","AMPATH Plus","St Monicas Nakwamekwi Dispensary","2020","33","2020-05-10","2020-05-16","36","0","0","3"
"Turkana","Turkana Central","15662","AMPATH Plus","St Patricks Kanamkemer Dispensary","2020","33","2020-05-10","2020-05-16","62","2","2","8"
"Turkana","Turkana West","14579","AMPATH Plus","IRC Kakuma","2020","33","2020-05-10","2020-05-16","506","3","2","78"
"Turkana","Turkana West","14655","AMPATH Plus","Kakuma Mission Hospital","2020","33","2020-05-10","2020-05-16","151","1","1","5"
"Turkana","Turkana West","15059","AMPATH Plus","AIC Lokichogio Health Centre","2020","33","2020-05-10","2020-05-16","48","0","0","16"
"Turkana","Turkana West","15081","AMPATH Plus","Lopiding Sub-District Hospital","2020","33","2020-05-10","2020-05-16","88","2","1","8"
"Turkana","Turkana North","15096","AMPATH Plus","Lowarengak Dispensary","2020","33","2020-05-10","2020-05-16","67","0","0","10"
"Turkana","Turkana South","14818","AMPATH Plus","Katilu District Hospital","2020","33","2020-05-10","2020-05-16","39","0","0","10"
"Turkana","Turkana South","15057","AMPATH Plus","Lokichar (RCEA) Health Centre","2020","33","2020-05-10","2020-05-16","51","3","1","8"
"Turkana","Turkana East","16324","AMPATH Plus","Lokori Primary Health Care Programme","2020","33","2020-05-10","2020-05-16","18","0","0","2"
"Uasin Gishu","Kesses","14341","AMPATH Plus","Chepkigen Dispensary","2020","33","2020-05-10","2020-05-16","23","2","0","10"
"Uasin Gishu","Kesses","14841","AMPATH Plus","Kesses Health Centre","2020","33","2020-05-10","2020-05-16","22","4","0","10"
"Uasin Gishu","Kapseret","15011","AMPATH Plus","Langas Hospital","2020","33","2020-05-10","2020-05-16","52","3","1","26"
"Uasin Gishu","Kapseret","15463","AMPATH Plus","Pioneer Health Centre","2020","33","2020-05-10","2020-05-16","33","2","1","27"
"West Pokot","Pokot South","14330","AMPATH Plus","Chepareria Sub-District Hospital","2020","33","2020-05-10","2020-05-16","38","1","0","28"
"West Pokot","West Pokot","14689","AMPATH Plus","Kanyarkwat Dispensary","2020","33","2020-05-10","2020-05-16","16","1","1","9"
"West Pokot","West Pokot","14701","AMPATH Plus","Kapenguria District Hospital","2020","33","2020-05-10","2020-05-16","111","7","7","79"
"West Pokot","West Pokot","14837","AMPATH Plus","Keringet Health Centre ","2020","33","2020-05-10","2020-05-16","28","1","1","13"
"Bungoma","Webuye West","15808","AMPATH Plus","Bokoli Hospital","2020","33","2020-05-10","2020-05-16","28","1","1","12"
"Bungoma","Webuye  East","16126","AMPATH Plus","Sinoko Dispensary (Bungoma East)","2020","33","2020-05-10","2020-05-16","13","0","0","6"
"Bungoma","Webuye  East","16160","AMPATH Plus","Webuye Health Centre","2020","33","2020-05-10","2020-05-16","0","0","0","0"
"Bungoma","Webuye West","16161","AMPATH Plus","Webuye County Hospital","2020","33","2020-05-10","2020-05-16","68","5","6","43"
"Bungoma","Kimilili","15864","AMPATH Plus","Dreamland MC Health Centre","2020","33","2020-05-10","2020-05-16","14","0","0","4"
"Bungoma","Tongaren","15918","AMPATH Plus","Kamukuywa (ACK) Dispensary","2020","33","2020-05-10","2020-05-16","22","0","0","10"
"Bungoma","Tongaren","15927","AMPATH Plus","Karima  Dispensary","2020","33","2020-05-10","2020-05-16","0","0","0","0"
"Bungoma","Kimilili","15950","AMPATH Plus","Kimilili District Hospital","2020","33","2020-05-10","2020-05-16","64","3","3","28"
"Bungoma","Kimilili","15990","AMPATH Plus","Makhonge Dispensary","2020","33","2020-05-10","2020-05-16","28","2","2","23"
"Bungoma","Tongaren","15992","AMPATH Plus","Makutano  Dispensary","2020","33","2020-05-10","2020-05-16","21","1","1","11"
"Bungoma","Tongaren","16061","AMPATH Plus","Naitiri Health Centre","2020","33","2020-05-10","2020-05-16","34","3","1","19"
"Bungoma","Tongaren","16079","AMPATH Plus","Ndalu Health Centre","2020","33","2020-05-10","2020-05-16","54","25","1","45"
"Bungoma","Tongaren","16152","AMPATH Plus","Tongaren Health Centre","2020","33","2020-05-10","2020-05-16","24","3","2","14"
"Bungoma","Kanduyi","15819","AMPATH Plus","Bukembe Dispensary","2020","33","2020-05-10","2020-05-16","31","2","2","19"
"Bungoma","Kanduyi","15821","AMPATH Plus","Bulondo Dispensary","2020","33","2020-05-10","2020-05-16","0","0","0","0"
"Bungoma","Bumula","15825","AMPATH Plus","Bumula Health Centre","2020","33","2020-05-10","2020-05-16","23","2","2","17"
"Bungoma","Kanduyi","15828","AMPATH Plus","Bungoma District Hospital","2020","33","2020-05-10","2020-05-16","74","2","2","61"
"Bungoma","Kanduyi","15871","AMPATH Plus","Elgon View Medical Cottage ","2020","33","2020-05-10","2020-05-16","0","0","0","0"
"Bungoma","Bumula","15912","AMPATH Plus","Kabula Dispensary","2020","33","2020-05-10","2020-05-16","33","15","2","27"
"Bungoma","Bumula","15947","AMPATH Plus","Kimaeti Dispensary","2020","33","2020-05-10","2020-05-16","0","0","0","0"
"Bungoma","Bumula","15984","AMPATH Plus","Machwele Dispensary","2020","33","2020-05-10","2020-05-16","0","0","0","0"
"Bungoma","Kanduyi","16489","AMPATH Plus","Mayanja Dispensary","2020","33","2020-05-10","2020-05-16","16","1","1","9"
"Bungoma","Kanduyi","16014","AMPATH Plus","Mechimeru Dispensary","2020","33","2020-05-10","2020-05-16","37","0","0","23"
"Bungoma","Bumula","16019","AMPATH Plus","Miluki Dispensary","2020","33","2020-05-10","2020-05-16","0","0","0","0"
"Bungoma","Kanduyi","16020","AMPATH Plus","Mission of Mercy Clinic","2020","33","2020-05-10","2020-05-16","0","0","0","0"
"Bungoma","Bumula","16075","AMPATH Plus","Nasianda Dispensary","2020","33","2020-05-10","2020-05-16","0","0","0","0"
"Bungoma","Kanduyi","16138","AMPATH Plus","St Damiano Nursing Home","2020","33","2020-05-10","2020-05-16","27","3","3","12"
"Bungoma","Kabuchai","15860","AMPATH Plus","Chwele District Hospital","2020","33","2020-05-10","2020-05-16","48","0","0","29"
"Bungoma","Kabuchai","15911","AMPATH Plus","Kabuchai Health Centre","2020","33","2020-05-10","2020-05-16","17","1","1","6"
"Bungoma","Kabuchai","15948","AMPATH Plus","Kimalewa Health Centre","2020","33","2020-05-10","2020-05-16","0","0","0","0"
"Bungoma","Sirisia","15958","AMPATH Plus","Korosiandet Dispensary","2020","33","2020-05-10","2020-05-16","13","1","1","7"
"Bungoma","Sirisia","15994","AMPATH Plus","Malakisi Health Centre","2020","33","2020-05-10","2020-05-16","22","1","1","6"
"Bungoma","Kabuchai","16125","AMPATH Plus","Sikulu Dispensary","2020","33","2020-05-10","2020-05-16","16","1","1","6"
"Bungoma","Sirisia","16130","AMPATH Plus","Sirisia Hospital","2020","33","2020-05-10","2020-05-16","29","0","0","19"
"Busia","Bunyala","15811","AMPATH Plus","Budalangi Dispensary","2020","33","2020-05-10","2020-05-16","24","0","0","5"
"Busia","Bunyala","16029","AMPATH Plus","Mukhobola Health Centre","2020","33","2020-05-10","2020-05-16","0","0","0","0"
"Busia","Bunyala","16091","AMPATH Plus","Port Victoria Hospital","2020","33","2020-05-10","2020-05-16","88","2","2","27"
"Busia","Bunyala","16095","AMPATH Plus","Rukala Dispensary","2020","33","2020-05-10","2020-05-16","0","0","0","0"
"Busia","Butula","15823","AMPATH Plus","Bumala A Health Centre","2020","33","2020-05-10","2020-05-16","33","3","2","9"
"Busia","Butula","15824","AMPATH Plus","Bumala B Health Centre","2020","33","2020-05-10","2020-05-16","25","1","1","11"
"Busia","Matayos","15834","AMPATH Plus","Busia District Hospital","2020","33","2020-05-10","2020-05-16","164","10","9","60"
"Busia","Butula","15838","AMPATH Plus","Butula Health Centre","2020","33","2020-05-10","2020-05-16","0","0","0","0"
"Busia","Butula","15939","AMPATH Plus","Khunyangu Sub-District Hospital","2020","33","2020-05-10","2020-05-16","57","2","1","30"
"Busia","Nambale","15975","AMPATH Plus","Lupida Health Centre","2020","33","2020-05-10","2020-05-16","22","0","0","19"
"Busia","Nambale","15985","AMPATH Plus","Madende Dispensary","2020","33","2020-05-10","2020-05-16","36","3","2","20"
"Busia","Matayos","16004","AMPATH Plus","Matayos Health Centre","2020","33","2020-05-10","2020-05-16","44","4","0","27"
"Busia","Nambale","16066","AMPATH Plus","Nambale Health Centre","2020","33","2020-05-10","2020-05-16","66","2","2","41"
"Busia","Matayos","16149","AMPATH Plus","Tanaka Nursing Home","2020","33","2020-05-10","2020-05-16","16","1","0","6"
"Kakamega","Butere","15836","AMPATH Plus","Butere District Hospital","2020","33","2020-05-10","2020-05-16","28","2","2","22"
"Kakamega","Khwisero","15940","AMPATH Plus","Khwisero Health Centre","2020","33","2020-05-10","2020-05-16","23","1","1","16"
"Kakamega","Butere","15999","AMPATH Plus","Manyala Sub-District Hospital","2020","33","2020-05-10","2020-05-16","22","1","0","11"
"Kakamega","Butere","16111","AMPATH Plus","Shikunga Health Centre","2020","33","2020-05-10","2020-05-16","21","0","0","11"
"Kakamega","Butere","16116","AMPATH Plus","Shiraha Health Centre","2020","33","2020-05-10","2020-05-16","10","0","0","5"
"Kakamega","Butere","16118","AMPATH Plus","Shisaba Dispensary","2020","33","2020-05-10","2020-05-16","24","1","1","14"
"Kakamega","Butere","16121","AMPATH Plus","Shitsitswi Health Centre","2020","33","2020-05-10","2020-05-16","20","2","1","11"
"Kakamega","Khwisero","16132","AMPATH Plus","Sonak Clinic","2020","33","2020-05-10","2020-05-16","13","0","0","4"
"Vihiga","Emuhaya","15866","AMPATH Plus","Ebusiratsi Health Centre","2020","33","2020-05-10","2020-05-16","51","3","2","14"
"Vihiga","Luanda","15867","AMPATH Plus","Ebusiubi Dispensary","2020","33","2020-05-10","2020-05-16","14","0","0","3"
"Vihiga","Luanda","15870","AMPATH Plus","Ekwanda Health Centre","2020","33","2020-05-10","2020-05-16","4","1","1","3"
"Vihiga","Luanda","15876","AMPATH Plus","Emuhaya District Hosptial ","2020","33","2020-05-10","2020-05-16","53","3","3","21"
"Vihiga","Emuhaya","15904","AMPATH Plus","Ipali Health Centre","2020","33","2020-05-10","2020-05-16","36","3","2","10"
"Vihiga","Luanda","15963","AMPATH Plus","Luanda Town Dispensary","2020","33","2020-05-10","2020-05-16","44","0","0","12"
"Vihiga","Hamisi","15894","AMPATH Plus","Hamisi Hospital","2020","33","2020-05-10","2020-05-16","32","0","0","17"
"Vihiga","Hamisi","15913","AMPATH Plus","Kaimosi Mission Hospital","2020","33","2020-05-10","2020-05-16","71","2","2","7"
"Vihiga","Hamisi","16456","AMPATH Plus","Kaptech Dispensary","2020","33","2020-05-10","2020-05-16","7","0","0","6"
"Vihiga","Hamisi","15960","AMPATH Plus","Likindu Dispensary","2020","33","2020-05-10","2020-05-16","45","0","0","11"
"Vihiga","Hamisi","16103","AMPATH Plus","Serem Health Centre","2020","33","2020-05-10","2020-05-16","47","3","2","12"
"Vihiga","Hamisi","16117","AMPATH Plus","Shiru Health Centre","2020","33","2020-05-10","2020-05-16","43","2","2","17"
"Vihiga","Hamisi","16151","AMPATH Plus","Tigoi Health Centre","2020","33","2020-05-10","2020-05-16","32","1","1","12"
"Kakamega","Lurambi","15804","AMPATH Plus","Approved Dispensary Kakamega","2020","33","2020-05-10","2020-05-16","12","0","0","3"
"Kakamega","Lurambi","15820","AMPATH Plus","Bukura Health Centre","2020","33","2020-05-10","2020-05-16","26","0","0","9"
"Kakamega","Navakholo","15833","AMPATH Plus","Bushiri Health Centre","2020","33","2020-05-10","2020-05-16","12","4","3","0"
"Kakamega","Lurambi","15874","AMPATH Plus","Elwesero Dispensary","2020","33","2020-05-10","2020-05-16","24","0","0","10"
"Kakamega","Lurambi","16762","AMPATH Plus","Emusanda Dispensary","2020","33","2020-05-10","2020-05-16","6","1","1","0"
"Kakamega","Lurambi","15915","AMPATH Plus","Kakamega Provincial General Hospital (PGH)","2020","33","2020-05-10","2020-05-16","100","8","5","62"
"Kakamega","Navakholo","15934","AMPATH Plus","Kharanda Dispensary","2020","33","2020-05-10","2020-05-16","14","1","1","13"
"Kakamega","Lurambi","16059","AMPATH Plus","Nabongo Dispensary","2020","33","2020-05-10","2020-05-16","21","3","0","13"
"Kakamega","Navakholo","16078","AMPATH Plus","Navakholo Sub-District Hospital","2020","33","2020-05-10","2020-05-16","30","1","1","15"
"Kakamega","Navakholo","16147","AMPATH Plus","Sivilie Dispensary ","2020","33","2020-05-10","2020-05-16","16","2","1","6"
"Kakamega","Shinyalu","16717","AMPATH Plus","Ikuywa Dispensary","2020","33","2020-05-10","2020-05-16","8","2","2","2"
"Kakamega","Shinyalu","15900","AMPATH Plus","Ileho Health Centre","2020","33","2020-05-10","2020-05-16","11","0","0","5"
"Kakamega","Shinyalu","15916","AMPATH Plus","Kambiri Health Centre","2020","33","2020-05-10","2020-05-16","14","1","1","11"
"Kakamega","Shinyalu","16104","AMPATH Plus","Shamakhubu Health Centre","2020","33","2020-05-10","2020-05-16","16","0","0","9"
"Kakamega","Shinyalu","16113","AMPATH Plus","Shikusi Dispensary","2020","33","2020-05-10","2020-05-16","13","0","0","7"
"Kakamega","Shinyalu","17596","AMPATH Plus","Shinyalu Health Centre","2020","33","2020-05-10","2020-05-16","33","1","1","21"
"Kakamega","Malava","15857","AMPATH Plus","Chevoso Dispensary","2020","33","2020-05-10","2020-05-16","13","1","1","8"
"Kakamega","Malava","15858","AMPATH Plus","Chimoi Dispensary","2020","33","2020-05-10","2020-05-16","0","0","0","0"
"Kakamega","Malava","15859","AMPATH Plus","Chombeli Health Centre","2020","33","2020-05-10","2020-05-16","17","1","1","8"
"Kakamega","Malava","15996","AMPATH Plus","Malava District Hospital","2020","33","2020-05-10","2020-05-16","64","6","6","43"
"Kakamega","Malava","15997","AMPATH Plus","Malekha Dispensary","2020","33","2020-05-10","2020-05-16","9","0","0","4"
"Kakamega","Malava","16064","AMPATH Plus","Namagara Dispensary","2020","33","2020-05-10","2020-05-16","10","0","0","7"
"Kakamega","Malava","16105","AMPATH Plus","Shamberere Dispensary","2020","33","2020-05-10","2020-05-16","23","1","1","16"
"Kakamega","Malava","16122","AMPATH Plus","Shivanga Dispensary","2020","33","2020-05-10","2020-05-16","8","0","0","4"
"Kakamega","Ikolomani","15899","AMPATH Plus","Iguhu District Hospital","2020","33","2020-05-10","2020-05-16","19","3","1","18"
"Kakamega","Ikolomani","15945","AMPATH Plus","Kilingili Health Centre","2020","33","2020-05-10","2020-05-16","10","3","2","9"
"Kakamega","Ikolomani","16107","AMPATH Plus","Shibwe Sub-District Hospital","2020","33","2020-05-10","2020-05-16","15","3","2","12"
"Kakamega","Ikolomani","16119","AMPATH Plus","Shiseso Health Centre","2020","33","2020-05-10","2020-05-16","9","0","1","6"
"Kakamega","Lugari","15851","AMPATH Plus","Chekalini Dispensary","2020","33","2020-05-10","2020-05-16","13","1","1","9"
"Kakamega","Likuyani","15955","AMPATH Plus","Kongoni Health Centre","2020","33","2020-05-10","2020-05-16","13","0","0","5"
"Kakamega","Likuyani","15961","AMPATH Plus","Likuyani Sub-District Hospital","2020","33","2020-05-10","2020-05-16","37","0","1","26"
"Kakamega","Lugari","15969","AMPATH Plus","Lumakanda District Hospital","2020","33","2020-05-10","2020-05-16","24","2","2","20"
"Kakamega","Likuyani","15983","AMPATH Plus","Mabusi Health Centre","2020","33","2020-05-10","2020-05-16","23","0","0","8"
"Kakamega","Lugari","16005","AMPATH Plus","Matete Health Centre","2020","33","2020-05-10","2020-05-16","31","4","4","24"
"Kakamega","Likuyani","16007","AMPATH Plus","Matunda Nursing Home","2020","33","2020-05-10","2020-05-16","17","0","0","4"
"Kakamega","Likuyani","16008","AMPATH Plus","Matunda Sub-District Hospital","2020","33","2020-05-10","2020-05-16","35","1","1","16"
"Kakamega","Lugari","16009","AMPATH Plus","Maturu Dispensary","2020","33","2020-05-10","2020-05-16","9","0","0","8"
"Kakamega","Lugari","16010","AMPATH Plus","Mautuma Sub-District Hospital","2020","33","2020-05-10","2020-05-16","9","0","0","6"
"Kakamega","Lugari","16031","AMPATH Plus","Mukuyu Dispensary","2020","33","2020-05-10","2020-05-16","15","2","2","4"
"Kakamega","Lugari","16051","AMPATH Plus","Musembe Dispensary (Lugari)","2020","33","2020-05-10","2020-05-16","5","1","1","2"
"Bungoma","Cheptais","15855","AMPATH Plus","Cheptais Health Centre","2020","33","2020-05-10","2020-05-16","26","0","0","16"
"Bungoma","Cheptais","15856","AMPATH Plus","Chesikaki  Dispensary","2020","33","2020-05-10","2020-05-16","14","0","0","7"
"Bungoma","Mt Elgon","15925","AMPATH Plus","Kaptama (Friends) Health Centre","2020","33","2020-05-10","2020-05-16","6","3","1","1"
"Bungoma","Cheptais","15956","AMPATH Plus","Kopsiro Dispensary","2020","33","2020-05-10","2020-05-16","34","1","1","21"
"Bungoma","Mt Elgon","16025","AMPATH Plus","Mt  Elgon District Hospital","2020","33","2020-05-10","2020-05-16","41","1","0","24"
"Kakamega","Mumias West","15817","AMPATH Plus","Bukaya Health Centre","2020","33","2020-05-10","2020-05-16","16","0","0","6"
"Kakamega","Mumias West","15827","AMPATH Plus","Bungasi Health Centre","2020","33","2020-05-10","2020-05-16","11","1","1","4"
"Kakamega","Mumias East","15873","AMPATH Plus","Elwasambi Dispensary","2020","33","2020-05-10","2020-05-16","6","0","0","2"
"Kakamega","Mumias West","15906","AMPATH Plus","Jamia Medical Centre","2020","33","2020-05-10","2020-05-16","21","1","1","2"
"Kakamega","Matungu","15931","AMPATH Plus","Khalaba Health Centre","2020","33","2020-05-10","2020-05-16","37","0","1","24"
"Kakamega","Mumias East","15936","AMPATH Plus","Khaunga Dispensary","2020","33","2020-05-10","2020-05-16","28","0","0","24"
"Kakamega","Matungu","15972","AMPATH Plus","Lunganyiro Dispensary","2020","33","2020-05-10","2020-05-16","30","0","0","21"
"Kakamega","Mumias East","15991","AMPATH Plus","Makunga RHDC","2020","33","2020-05-10","2020-05-16","22","2","2","16"
"Kakamega","Matungu","16037","AMPATH Plus","Matungu Sub District Hospital (Mumias SDH)","2020","33","2020-05-10","2020-05-16","32","0","0","25"
"Kakamega","Mumias West","16038","AMPATH Plus","Mumias Sugar Clinic","2020","33","2020-05-10","2020-05-16","7","0","0","1"
"Kakamega","Mumias East","16041","AMPATH Plus","Munganga Dispensary","2020","33","2020-05-10","2020-05-16","12","0","0","7"
"Kakamega","Matungu","16042","AMPATH Plus","Mungungu Dispensary","2020","33","2020-05-10","2020-05-16","15","0","0","11"
"Kakamega","Matungu","16123","AMPATH Plus","Shibanze Dispensary","2020","33","2020-05-10","2020-05-16","3","0","0","3"
"Busia","Teso South","15795","AMPATH Plus","Alupe Sub-District Hospital","2020","33","2020-05-10","2020-05-16","14","2","2","8"
"Busia","Teso South","15798","AMPATH Plus","Amukura Health Centre","2020","33","2020-05-10","2020-05-16","34","0","0","16"
"Busia","Teso South","15799","AMPATH Plus","Amukura Mission Health Centre","2020","33","2020-05-10","2020-05-16","0","0","0","0"
"Busia","Teso South","15968","AMPATH Plus","Lukolis Dispensary","2020","33","2020-05-10","2020-05-16","29","1","1","19"
"Busia","Teso North","15993","AMPATH Plus","Malaba Dispensary","2020","33","2020-05-10","2020-05-16","56","0","0","23"
"Busia","Teso North","16150","AMPATH Plus","Teso District Hospital","2020","33","2020-05-10","2020-05-16","36","1","1","21"
"Vihiga","Vihiga","15814","AMPATH Plus","Bugamangi Dispensary","2020","33","2020-05-10","2020-05-16","14","1","1","1"
"Vihiga","Vihiga","16012","AMPATH Plus","Mbale Rural Health Training Centre","2020","33","2020-05-10","2020-05-16","57","0","0","22"
"Vihiga","Vihiga","16032","AMPATH Plus","Mulele Dispensary","2020","33","2020-05-10","2020-05-16","54","1","1","1"
"Vihiga","Sabatia","16098","AMPATH Plus","Sabatia Health Centre","2020","33","2020-05-10","2020-05-16","57","2","1","21"
"Vihiga","Vihiga","16157","AMPATH Plus","Vihiga District Hosptial ","2020","33","2020-05-10","2020-05-16","101","4","3","21"
"Vihiga","Vihiga","16158","AMPATH Plus","Vihiga Health Centre","2020","33","2020-05-10","2020-05-16","50","2","2","21"
"Nairobi","Embakasi South","17720","Lea Toto Program","Lea Toto Community Mukuru Reuben","2020","33","2020-05-10","2020-05-16","0","0","0","0"
"Kakamega","Matungu","17929","AMPATH Plus","INDANGALASIA DISPENSARY","2020","33","2020-05-10","2020-05-16","14","1","1","11"
"Mombasa","Nyali","17911","AfyaPwani","Kisauni Health Centre","2020","33","2020-05-10","2020-05-16","21","5","0","11"
"Vihiga","Emuhaya","16979","AMPATH Plus","EMUSIRE HEALTH CENTRE","2020","33","2020-05-10","2020-05-16","20","0","0","5"
"Nairobi","Embakasi Central","17411","Afya Jijini project","Mama Lucy Kibaki Hospital","2020","33","2020-05-10","2020-05-16","0","0","0","0"
"Kakamega","Lugari","15957","AMPATH Plus","St Charles Lwanga Health Centre","2020","33","2020-05-10","2020-05-16","16","1","1","9"
"Kakamega","Mumias East","17150","AMPATH Plus","MALAHA DISPENSARY","2020","33","2020-05-10","2020-05-16","16","0","0","9"
"Kakamega","Mumias West","16035","AMPATH Plus","mumias model health centre","2020","33","2020-05-10","2020-05-16","34","3","3","29"
"Nyamira","Nyamira","16988","Afya Ziwani","NYANGWETA HC","2020","33","2020-05-10","2020-05-16","12","0","0","3"
"Bungoma","Kabuchai","17117","AMPATH Plus","NALONDO MODEL","2020","33","2020-05-10","2020-05-16","0","0","0","0"
"Homa Bay","Kabondo Kasipul","17170","Afya Ziwani","Tala Dispensary","2020","33","2020-05-10","2020-05-16","0","0","0","0"
"Nairobi","Dagoretti South","19914","Lea Toto Program","Lea Toto Kawangare","2020","33","2020-05-10","2020-05-16","0","0","0","0"
"Machakos","Athi River","17979","Aphia Plus HCM","Shalom Community Hospital Athi River","2020","33","2020-05-10","2020-05-16","0","0","0","0"
"Nairobi","Embakasi South","18463","Afya Jijini project","Mukuru Health Centre","2020","33","2020-05-10","2020-05-16","0","0","0","0"
"Nairobi","Langata","13109","Aphia Plus HCM","Meridian Equator Hospital","2020","33","2020-05-10","2020-05-16","0","0","0","0"
"Migori","Kuria West","13625","Afya Ziwani","Isebania Sub-District Hospital","2020","33","2020-05-10","2020-05-16","0","0","0","0"
"Homa Bay","Kabondo Kasipul","17585","Afya Ziwani","Integrated Development Fund VCT","2020","33","2020-05-10","2020-05-16","0","0","0","0"
"Homa Bay","Kabondo Kasipul","18874","Afya Ziwani","Got Kamondi Dispensary","2020","33","2020-05-10","2020-05-16","0","0","0","0"
"Nyamira","Nyamira","16990","Afya Ziwani","Nyansabakwa Health Centre","2020","33","2020-05-10","2020-05-16","11","2","1","3"
"Homa Bay","Kabondo Kasipul","18610","Afya Ziwani","Atela Dispensary","2020","33","2020-05-10","2020-05-16","0","0","0","0"
"Migori","Awendo","17052","Afya Ziwani","Ng'onda Dispensary","2020","33","2020-05-10","2020-05-16","0","0","0","0"
"Nyamira","Manga","17134","Afya Ziwani","Magombo Disp","2020","33","2020-05-10","2020-05-16","12","2","2","2"
"Nakuru","Naivasha","17821","Afya Nyota ya Bonde","Kijani (Mirera) Dispensary","2020","33","2020-05-10","2020-05-16","26","1","1","0"
"Nakuru","Nakuru East","18009","Afya Nyota ya Bonde","Algadir Medical Clinic","2020","33","2020-05-10","2020-05-16","39","3","3","7"
"Mombasa","Mvita","18210","AfyaPwani","Mlaleo CDF","2020","33","2020-05-10","2020-05-16","110","36","2","78"
"Muranga","Muranga South","16969","Afya Kamilisha","Katibanga Dispensary","2020","33","2020-05-10","2020-05-16","0","0","0","0"
"Nairobi","Roysambu","18828","Lea Toto Program","Lea Toto Mwiki
","2020","33","2020-05-10","2020-05-16","0","0","0","0"
"Taita Taveta","Mwatate","18312","AfyaPwani","Bura Ngambwa Health Center","2020","33","2020-05-10","2020-05-16","16","0","0","3"
"Kwale","Msambweni","18496","Aphia Plus HCM","Pendo Medical Clinic","2020","33","2020-05-10","2020-05-16","0","0","0","0"
"Kajiado","Kajiado East","18189","Aphia Plus HCM","Topcare Nursing Home ","2020","33","2020-05-10","2020-05-16","0","0","0","0"
"Nairobi","Dagoretti South","18612","Aphia Plus HCM","Fremo Medical Centre","2020","33","2020-05-10","2020-05-16","0","0","0","0"
"Kakamega","Khwisero","19899","AMPATH Plus","Eshiabwali Health Centre","2020","33","2020-05-10","2020-05-16","16","0","0","3"
"Bungoma","Kanduyi","18852","AMPATH Plus","Lumboka medical services ","2020","33","2020-05-10","2020-05-16","0","0","0","0"
"Kakamega","Shinyalu","20175","AMPATH Plus","Virhembe Medical Clinic ","2020","33","2020-05-10","2020-05-16","12","0","1","3"
"Kakamega","Mumias East","17082","AMPATH Plus","NYAPORO DISPENSARY","2020","33","2020-05-10","2020-05-16","7","0","0","2"
"Kakamega","Butere","17297","AMPATH Plus","MABOLE HEALTH CENTRE","2020","33","2020-05-10","2020-05-16","10","0","0","6"
"Kisumu","Kisumu Central","17554","Aphia Plus HCM","Corkran KMET","2020","33","2020-05-10","2020-05-16","0","0","0","0"
"Kakamega","Lurambi","20039","AMPATH Plus","Emukaba dispensary ","2020","33","2020-05-10","2020-05-16","18","0","0","3"
"Kakamega","Lurambi","19960","AMPATH Plus","Sakali dispensary ","2020","33","2020-05-10","2020-05-16","3","0","0","0"
"Kakamega","Butere","18939","AMPATH Plus","Iranda Health Center Butere","2020","33","2020-05-10","2020-05-16","11","0","0","2"
"Kakamega","Shinyalu","20174","AMPATH Plus","Vikunga Dispensary","2020","33","2020-05-10","2020-05-16","7","0","0","4"
"Bungoma","Kimilili","18346","AMPATH Plus","Kamukuywa Dispensary","2020","33","2020-05-10","2020-05-16","19","2","2","13"
"Kakamega","Shinyalu","16144","AMPATH Plus","Chief Milimu Dispensary","2020","33","2020-05-10","2020-05-16","10","0","1","5"
"Mombasa","Likoni","19606","AfyaPwani","Mrima CDF Health Centre
","2020","33","2020-05-10","2020-05-16","116","3","3","76"
"Taita Taveta","Taveta","17126","AfyaPwani","modambogho dispensary","2020","33","2020-05-10","2020-05-16","28","1","1","6"
"Nakuru","Nakuru West","20137","Afya Nyota ya Bonde","Rhomdah health centre","2020","33","2020-05-10","2020-05-16","54","2","1","2"
"Busia","Butula","17165","AMPATH Plus","Ikonzo Dispensary
","2020","33","2020-05-10","2020-05-16","23","1","0","7"
"Busia","Bunyala","17680","AMPATH Plus","Osieko
","2020","33","2020-05-10","2020-05-16","21","2","1","2"
"Trans Nzoia","Saboti","18515","AMPATH Plus","St Raphael Dispensary
","2020","33","2020-05-10","2020-05-16","44","1","1","24"
"Homa Bay","Kabondo Kasipul","20153","Afya Ziwani","KASEWE DISPENSARY","2020","33","2020-05-10","2020-05-16","0","0","0","0"
"Kakamega","Mumias East","18802","AMPATH Plus","Kamashia Dispensary","2020","33","2020-05-10","2020-05-16","12","0","0","2"
"Taita Taveta","Taveta","17114","AfyaPwani","Rekeke Health Center","2020","33","2020-05-10","2020-05-16","21","1","1","0"
"Kilifi","Malindi","17966","AfyaPwani","The Omari Project","2020","33","2020-05-10","2020-05-16","52","0","0","0"
"Kisii","Nyaribari Chache","20914","Afya Ziwani","St catherines ichuni dispensary","2020","33","2020-05-10","2020-05-16","0","0","0","0"
"Nairobi","Embakasi Central","18001","Aphia Plus HCM","Prudent Medical Clinic Kariobangi","2020","33","2020-05-10","2020-05-16","0","0","0","0"
"Uasin Gishu","Kesses","19990","AMPATH Plus","RACE COURSE HSP","2020","33","2020-05-10","2020-05-16","0","0","0","0"
"Nyandarua","Oljoroorok","18782","Afya Kamilisha","Chamuka (CDF) Dispensary","2020","33","2020-05-10","2020-05-16","23","1","1","2"
"Kakamega","Likuyani","18625","AMPATH Plus","Mulimani Dispensary
","2020","33","2020-05-10","2020-05-16","14","0","0","3"
"Kakamega","Khwisero","20515","AMPATH Plus","Ebuhala Health Centre
","2020","33","2020-05-10","2020-05-16","17","0","0","5"
"Busia","Teso North","21024","AMPATH Plus","Kamuriai","2020","33","2020-05-10","2020-05-16","0","0","0","0"
"Trans Nzoia","Kwanza","17994","AMPATH Plus","NAMANJALALA CLINIC","2020","33","2020-05-10","2020-05-16","18","1","1","15"
"Uasin Gishu","Kesses","17243","AMPATH Plus","Reale Hospital Eldoret","2020","33","2020-05-10","2020-05-16","61","1","0","0"
"Turkana","Turkana Central","22215","AMPATH Plus","Kalobeyei Health Center Kenya Red Cross","2020","33","2020-05-10","2020-05-16","0","0","0","0"
"Trans Nzoia","Kwanza","18532","AMPATH Plus","BIDII HEALTH CENTRE","2020","33","2020-05-10","2020-05-16","19","1","0","7"
"Muranga","Kandara","16970","Afya Kamilisha","MARIAINI DISPENSARY","2020","33","2020-05-10","2020-05-16","22","0","0","0"
"Nyandarua","Oljoroorok","18781","Afya Kamilisha","Gatimu  Health Center","2020","33","2020-05-10","2020-05-16","27","0","0","1"
"Muranga","Kandara","17365","Afya Kamilisha","Gichagini Dispensary","2020","33","2020-05-10","2020-05-16","0","0","0","0"
"Busia","Butula","17157","AMPATH Plus","Masendebale Dispensary","2020","33","2020-05-10","2020-05-16","0","0","0","0"
"Kiambu","Kiambaa","17333","Afya Kamilisha","Muchatha Dispensary","2020","33","2020-05-10","2020-05-16","0","0","0","0"
"Kiambu","Juja","18391","Afya Kamilisha","Mugutha (CDF) Dispensary","2020","33","2020-05-10","2020-05-16","0","0","0","0"
"Kiambu","Limuru","17244","Afya Kamilisha","Ngecha Health Centre","2020","33","2020-05-10","2020-05-16","0","0","0","0"
"Nyeri","Mathira West","18013","Afya Kamilisha","Ruguru Health Centre","2020","33","2020-05-10","2020-05-16","0","0","0","0"
"Trans Nzoia","Cherangany","17027","AMPATH Plus","Sitatunga Dispensary","2020","33","2020-05-10","2020-05-16","17","0","1","10"
